title,Seasons,Cancelled,genre,Country,Type,Premiere Year,Finale Year
House of Cards,6.0,0.0,TV Dramas,United States,TV Show,2013,2018.0
Orange Is the New Black,7.0,0.0,TV Comedies,United States,TV Show,2013,2019.0
Marco Polo,2.0,0.0,TV Action,United States,TV Show,2014,2016.0
Bloodline,3.0,0.0,TV Dramas,United States,TV Show,2015,2017.0
Daredevil,3.0,0.0,,,TV Show,2015,2018.0
Sense8,2.0,0.0,Crime TV,United States,TV Show,2015,2018.0
Narcos,3.0,0.0,Crime TV,"United States, Colombia, Mexico, United States",TV Show,2015,2017.0
Jessica Jones,3.0,0.0,,,TV Show,2015,2019.0
The Get Down,2.0,0.0,TV Dramas,United States,TV Show,2016,2017.0
Luke Cage,2.0,0.0,,,TV Show,2016,2018.0
Gilmore Girls: A Year in the Life,1.0,1.0,TV Comedies,United States,TV Show,2016,2016.0
The OA,2.0,0.0,TV Dramas,United States,TV Show,2016,2019.0
Iron Fist,2.0,0.0,,,TV Show,2017,2018.0
13 Reasons Why,4.0,0.0,Crime TV,United States,TV Show,2017,2020.0
Gypsy,1.0,1.0,TV Dramas,"United States, United Kingdom, United States",TV Show,2017,2017.0
Ozark,4.0,0.0,Crime TV,United States,TV Show,2017,2022.0
The Defenders,1.0,1.0,,,TV Show,2017,2017.0
Mindhunter,2.0,0.0,,,TV Show,2017,2019.0
The Punisher,2.0,0.0,,,TV Show,2017,2019.0
Godless,1.0,1.0,TV Dramas,United States,TV Show,2017,2017.0
Altered Carbon,2.0,0.0,Crime TV,United States,TV Show,2018,2020.0
Seven Seconds,1.0,1.0,Crime TV,United States,TV Show,2018,2018.0
The Innocents,1.0,1.0,British TV,United Kingdom,TV Show,2018,2018.0
The Haunting of Hill House,1.0,1.0,TV Dramas,United States,TV Show,2018,2018.0
Chilling Adventures of Sabrina,4.0,0.0,TV Horror,United States,TV Show,2018,2020.0
Narcos: Mexico,3.0,0.0,Crime TV,"Mexico, United States, Mexico",TV Show,2018,2021.0
Tidelands,1.0,1.0,Crime TV,Australia,TV Show,2018,2018.0
The Order,2.0,0.0,International TV,United States,TV Show,2019,2020.0
Black Summer,2.0,0.0,TV Action,"Canada, United States, Canada",TV Show,2019,2021.0
Chambers,1.0,1.0,TV Horror,United States,TV Show,2019,2019.0
The Society,1.0,1.0,TV Dramas,United States,TV Show,2019,2019.0
What/If,1.0,1.0,,,TV Show,2019,2019.0
When They See Us,1.0,1.0,Crime TV,United States,TV Show,2019,2019.0
Armistead Maupin's Tales of the City,1.0,1.0,,,TV Show,2019,2019.0
Trinkets,2.0,0.0,TV Dramas,United States,TV Show,2019,2020.0
Another Life,2.0,0.0,TV Action,United States,TV Show,2019,2021.0
Wu Assassins,1.0,1.0,TV Action,United States,TV Show,2019,2019.0
The I-Land,1.0,1.0,TV Action,United States,TV Show,2019,2019.0
Unbelievable,1.0,1.0,Crime TV,United States,TV Show,2019,2019.0
Criminal: UK,2.0,0.0,British TV,"United Kingdom, France, Germany, Spain, United Kingdom",TV Show,2019,2020.0
V Wars,1.0,1.0,TV Action,United States,TV Show,2019,2019.0
Soundtrack,1.0,1.0,Romantic TV,United States,TV Show,2019,2019.0
Messiah,1.0,1.0,TV Dramas,United States,TV Show,2020,2020.0
Spinning Out,1.0,1.0,TV Dramas,United States,TV Show,2020,2020.0
October Faction,1.0,1.0,TV Action,United States,TV Show,2020,2020.0
The Stranger,1.0,1.0,,,TV Show,2020,2020.0
Locke & Key,3.0,0.0,TV Action,"Canada, United States, Canada",TV Show,2020,2022.0
Queen Sono,1.0,1.0,International TV,South Africa,TV Show,2020,2020.0
Self Made: Inspired by the Life of Madam C. J. Walker,1.0,1.0,,,TV Show,2020,2020.0
The English Game,1.0,1.0,British TV,United Kingdom,TV Show,2020,2020.0
Unorthodox,1.0,1.0,International TV,Germany,TV Show,2020,2020.0
Hollywood,1.0,1.0,TV Dramas,United States,TV Show,2020,2020.0
The Eddy,1.0,1.0,International TV,"United Kingdom, Germany, United States, France, United Kingdom",TV Show,2020,2020.0
White Lines,1.0,1.0,British TV,"United Kingdom, Spain, United Kingdom",TV Show,2020,2020.0
Homemade,1.0,1.0,International TV,"Chile, Italy, Chile",TV Show,2020,2020.0
Warrior Nun,2.0,0.0,TV Action,United States,TV Show,2020,2022.0
Cursed,1.0,1.0,TV Action,"United Kingdom, Australia, United Kingdom",TV Show,2020,2020.0
Young Wallander,2.0,0.0,Crime TV,United Kingdom,TV Show,2020,2022.0
Away,1.0,1.0,Romantic TV,United States,TV Show,2020,2020.0
The Haunting of Bly Manor,1.0,1.0,TV Dramas,United States,TV Show,2020,2020.0
Social Distance,1.0,1.0,TV Comedies,United States,TV Show,2020,2020.0
Grand Army,1.0,1.0,TV Dramas,United States,TV Show,2020,2020.0
The Queen's Gambit,1.0,1.0,TV Dramas,United States,TV Show,2020,2020.0
Dash & Lily,1.0,1.0,,,TV Show,2020,2020.0
Kings of Jo'Burg,2.0,0.0,Crime TV,South Africa,TV Show,2020,2023.0
Tiny Pretty Things,1.0,1.0,TV Dramas,United States,TV Show,2020,2020.0
Fate: The Winx Saga,2.0,0.0,,"Italy, United Kingdom",TV Show,2021,2022.0
Firefly Lane,2.0,0.0,,United States,TV Show,2021,2023.0
Behind Her Eyes,1.0,1.0,,United Kingdom,TV Show,2021,2021.0
The One,1.0,1.0,,United Kingdom,TV Show,2021,2021.0
The Irregulars,1.0,1.0,,United Kingdom,TV Show,2021,2021.0
Jupiter's Legacy,1.0,1.0,,United States,TV Show,2021,2021.0
Halston,1.0,1.0,,United States,TV Show,2021,2021.0
Jiva!,1.0,1.0,,,TV Show,2021,2021.0
Sex/Life,2.0,0.0,,United States,TV Show,2021,2023.0
Hit & Run,1.0,1.0,Action,"Israel, United States, United States",TV Show,2021,2021.0
Brand New Cherry Flavor,1.0,1.0,,United States,TV Show,2021,2021.0
Clickbait,1.0,1.0,,,TV Show,2021,2021.0
King of Boys: The Return of the King,1.0,1.0,,Nigeria,TV Show,2021,2021.0
Midnight Mass,1.0,1.0,,,TV Show,2021,2021.0
Maid,1.0,1.0,,,TV Show,2021,2021.0
Colin in Black & White,1.0,1.0,,,TV Show,2021,2021.0
Cowboy Bebop,1.0,1.0,,,TV Show,2021,2021.0
True Story,1.0,1.0,,,TV Show,2021,2021.0
Stay Close,1.0,1.0,,,TV Show,2021,2021.0
Archive 81,1.0,1.0,,,TV Show,2022,2022.0
In From the Cold,1.0,1.0,,,TV Show,2022,2022.0
Inventing Anna,1.0,1.0,,,TV Show,2022,2022.0
Pieces of Her,1.0,1.0,,,TV Show,2022,2022.0
Anatomy of a Scandal,1.0,1.0,,,TV Show,2022,2022.0
Blood Sisters,1.0,1.0,,,TV Show,2022,2022.0
Savage Beauty,1.0,1.0,,,TV Show,2022,2022.0
First Kill,1.0,1.0,Action,"United Kingdom, Canada, United States, United Kingdom","TV Show, Movie",2022,2022.0
Resident Evil,1.0,1.0,,,TV Show,2022,2022.0
Country Queen,1.0,1.0,,,TV Show,2022,2022.0
Keep Breathing,1.0,1.0,,,TV Show,2022,2022.0
Justice Served,1.0,1.0,,,TV Show,2022,2022.0
Echoes,1.0,1.0,,,TV Show,2022,2022.0
Lost Ollie,1.0,1.0,,,TV Show,2022,2022.0
Partner Track,1.0,1.0,,,TV Show,2022,2022.0
Devil in Ohio,1.0,1.0,,,TV Show,2022,2022.0
The Imperfects,1.0,1.0,,,TV Show,2022,2022.0
Dahmer Ã¢ÂÂ Monster: The Jeffrey Dahmer Story,1.0,1.0,,,TV Show,2022,2022.0
The Midnight Club,1.0,1.0,,,TV Show,2022,2022.0
From Scratch,1.0,1.0,,,TV Show,2022,2022.0
Guillermo del Toro's Cabinet of Curiosities,1.0,0.0,,,TV Show,2022,2022.0
The Bastard Son & The Devil Himself,1.0,1.0,,,TV Show,2022,2022.0
1899,1.0,1.0,,,TV Show,2022,2022.0
The Witcher: Blood Origin,1.0,1.0,,,TV Show,2022,2022.0
Treason,1.0,1.0,,,TV Show,2022,2022.0
Kaleidoscope,1.0,1.0,Thrillers,United Kingdom,"TV Show, Movie",2023,2023.0
Lockwood & Co.,1.0,1.0,,,TV Show,2023,2023.0
Transatlantic,1.0,1.0,,,TV Show,2023,2023.0
Florida Man,1.0,1.0,,,TV Show,2023,2023.0
Obsession,1.0,1.0,,,TV Show,2023,2023.0
Queen Charlotte: A Bridgerton Story,1.0,1.0,,,TV Show,2023,2023.0
Painkiller,1.0,1.0,,,TV Show,2023,2023.0
Who Is Erin Carter?,1.0,1.0,,,TV Show,2023,2023.0
Unbreakable Kimmy Schmidt,4.0,0.0,TV Comedies,United States,TV Show,2015,2020.0
Grace and Frankie,7.0,0.0,TV Comedies,United States,TV Show,2015,2022.0
Wet Hot American Summer: First Day of Camp,1.0,1.0,,,TV Show,2015,2015.0
Master of None,3.0,0.0,TV Comedies,United States,TV Show,2015,2021.0
W/ Bob & David,1.0,1.0,TV Comedies,United States,TV Show,2015,2015.0
Real Rob,2.0,0.0,TV Comedies,United States,TV Show,2015,2017.0
Love,3.0,0.0,Romantic TV,"India, United States","TV Show, Movie",2016,2018.0
Flaked,2.0,0.0,TV Comedies,United States,TV Show,2016,2017.0
Netflix Presents: The Characters,1.0,1.0,TV Comedies,United States,TV Show,2016,2016.0
The Ranch,8.0,0.0,TV Comedies,United States,TV Show,2016,2020.0
Lady Dynamite,2.0,0.0,TV Comedies,United States,TV Show,2016,2017.0
Easy,3.0,0.0,TV Comedies,United States,TV Show,2016,2019.0
Trailer Park Boys Out of the Park: Europe,1.0,1.0,,,TV Show,2016,2016.0
Santa Clarita Diet,3.0,0.0,TV Comedies,United States,TV Show,2017,2019.0
Girlboss,1.0,1.0,TV Comedies,United States,TV Show,2017,2017.0
Dear White People,4.0,0.0,TV Comedies,United States,TV Show,2017,2021.0
GLOW,3.0,0.0,TV Comedies,United States,TV Show,2017,2019.0
Friends from College,2.0,0.0,Romantic TV,United States,TV Show,2017,2019.0
Wet Hot American Summer: Ten Years Later,1.0,1.0,TV Comedies,United States,TV Show,2017,2017.0
Atypical,4.0,0.0,TV Comedies,United States,TV Show,2017,2021.0
Disjointed,2.0,0.0,TV Comedies,United States,TV Show,2017,2018.0
American Vandal,2.0,0.0,Crime TV,United States,TV Show,2017,2018.0
She's Gotta Have It,2.0,0.0,Romantic TV,United States,TV Show,2017,2019.0
Trailer Park Boys Out of the Park: USA,1.0,1.0,,,TV Show,2017,2017.0
Everything Sucks!,1.0,1.0,TV Comedies,United States,TV Show,2018,2018.0
On My Block,4.0,0.0,Romantic TV,United States,TV Show,2018,2021.0
Insatiable,2.0,0.0,TV Comedies,United States,TV Show,2018,2019.0
Maniac,1.0,1.0,TV Comedies,United States,TV Show,2018,2018.0
The Good Cop,1.0,1.0,Crime TV,United States,TV Show,2018,2018.0
The Kominsky Method,3.0,0.0,TV Comedies,United States,TV Show,2018,2021.0
Russian Doll,2.0,0.0,TV Comedies,United States,TV Show,2019,2022.0
After Life,3.0,0.0,British TV,United Kingdom,TV Show,2019,2022.0
Turn Up Charlie,1.0,1.0,British TV,United Kingdom,TV Show,2019,2019.0
Huge in France,1.0,1.0,TV Comedies,United States,TV Show,2019,2019.0
Special,2.0,0.0,TV Comedies,United States,TV Show,2019,2021.0
Lunatics,1.0,1.0,International TV,Australia,TV Show,2019,2019.0
Bonding,2.0,0.0,,,TV Show,2019,2021.0
Dead to Me,3.0,0.0,TV Comedies,United States,TV Show,2019,2022.0
It's Bruno!,1.0,1.0,TV Comedies,United States,TV Show,2019,2019.0
Mr. Iglesias,3.0,0.0,TV Comedies,United States,TV Show,2019,2020.0
The Politician,2.0,0.0,TV Comedies,United States,TV Show,2019,2020.0
Living with Yourself,1.0,1.0,TV Comedies,United States,TV Show,2019,2019.0
Daybreak,1.0,1.0,TV Action,United States,TV Show,2019,2019.0
Merry Happy Whatever,1.0,1.0,TV Comedies,United States,TV Show,2019,2019.0
Astronomy Club: The Sketch Show,1.0,1.0,TV Comedies,United States,TV Show,2019,2019.0
AJ and the Queen,1.0,1.0,TV Comedies,United States,TV Show,2020,2020.0
Medical Police,1.0,1.0,Crime TV,United States,TV Show,2020,2020.0
Gentefied,2.0,0.0,TV Comedies,United States,TV Show,2020,2021.0
I Am Not Okay with This,1.0,1.0,,,TV Show,2020,2020.0
The Iliza Shlesinger Sketch Show,1.0,1.0,TV Comedies,United States,TV Show,2020,2020.0
Brews Brothers,1.0,1.0,TV Comedies,United States,TV Show,2020,2020.0
#blackAF,1.0,1.0,TV Comedies,United States,TV Show,2020,2020.0
Never Have I Ever,4.0,0.0,TV Comedies,United States,TV Show,2020,2023.0
Space Force,2.0,0.0,TV Comedies,United States,TV Show,2020,2022.0
Teenage Bounty Hunters,1.0,1.0,Crime TV,United States,TV Show,2020,2020.0
The Duchess,1.0,1.0,British TV,United Kingdom,TV Show,2020,2020.0
Sneakerheads,1.0,1.0,TV Comedies,United States,TV Show,2020,2020.0
Aunty Donna's Big Ol' House of Fun,1.0,1.0,TV Comedies,Australia,TV Show,2020,2020.0
The Crew,1.0,1.0,Action,"United States, France",TV Show,2021,2021.0
The Chair,1.0,1.0,,,TV Show,2021,2021.0
Pretty Smart,1.0,1.0,,,TV Show,2021,2021.0
Decoupled,1.0,1.0,,,TV Show,2021,2021.0
The Woman in the House Across the Street from the Girl in the Window,1.0,1.0,,,TV Show,2022,2022.0
Murderville,1.0,1.0,,,TV Show,2022,2022.0
Eternally Confused and Eager for Love,1.0,1.0,,,TV Show,2022,2022.0
Hard Cell,1.0,1.0,,,TV Show,2022,2022.0
The Pentaverate,1.0,1.0,,,TV Show,2022,2022.0
God's Favorite Idiot,1.0,1.0,,,TV Show,2022,2022.0
"Boo, Bitch",1.0,1.0,,,TV Show,2022,2022.0
Uncoupled,1.0,1.0,,,TV Show,2022,2022.0
Chad and JT Go Deep,1.0,1.0,,,TV Show,2022,2022.0
Blockbuster,1.0,1.0,Comedies,France,"TV Show, Movie",2022,2022.0
Freeridge,1.0,1.0,,,TV Show,2023,2023.0
Richie Rich,2.0,0.0,Kids,United States,TV Show,2015,2015.0
Project Mc2,6.0,0.0,,,TV Show,2015,2017.0
Fuller House,5.0,0.0,TV Comedies,United States,TV Show,2016,2020.0
Haters Back Off,2.0,0.0,TV Comedies,United States,TV Show,2016,2017.0
One Day at a Time,3.0,0.0,TV Comedies,United States,TV Show,2017,2019.0
A Series of Unfortunate Events,3.0,0.0,Kids,United States,TV Show,2017,2019.0
Julie's Greenroom,1.0,1.0,Kids,United States,TV Show,2017,2017.0
Free Rein,3.0,0.0,British TV,United States,TV Show,2017,2019.0
Greenhouse Academy,4.0,0.0,Kids,United States,TV Show,2017,2020.0
Alexa & Katie,4.0,0.0,Kids,United States,TV Show,2018,2020.0
Lost in Space,3.0,0.0,TV Action,United States,TV Show,2018,2021.0
The Who Was? Show,1.0,1.0,Kids,United States,TV Show,2018,2018.0
All About the Washingtons,1.0,1.0,TV Comedies,United States,TV Show,2018,2018.0
The Ponysitters Club,2.0,0.0,,,TV Show,2018,2018.0
Best.Worst.Weekend.Ever.,1.0,1.0,Kids,United States,TV Show,2018,2018.0
Brainchild,1.0,1.0,Kids,,TV Show,2018,2018.0
Prince of Peoria,2.0,0.0,Kids,United States,TV Show,2018,2019.0
No Good Nick,2.0,0.0,Kids,United States,TV Show,2019,2019.0
Malibu Rescue: The Series,1.0,1.0,Kids,United States,TV Show,2019,2019.0
Family Reunion,5.0,0.0,Kids,United States,TV Show,2019,2022.0
The Dark Crystal: Age of Resistance,1.0,1.0,TV Action,"United Kingdom, United States, United Kingdom",TV Show,2019,2019.0
Team Kaylie,3.0,0.0,Kids,United States,TV Show,2019,2020.0
Raising Dion,2.0,0.0,Kids,United States,TV Show,2019,2022.0
Dolly Parton's Heartstrings,1.0,1.0,TV Dramas,United States,TV Show,2019,2019.0
The Healing Powers of Dude,1.0,1.0,Kids,,TV Show,2020,2020.0
Ashley Garcia: Genius in Love,3.0,0.0,,,TV Show,2020,2020.0
The Letter for the King,1.0,1.0,British TV,United Kingdom,TV Show,2020,2020.0
The Big Show Show,2.0,0.0,Kids,United States,TV Show,2020,2020.0
The Baby-Sitters Club,2.0,0.0,Kids,United States,TV Show,2020,2021.0
Emily's Wonder Lab,1.0,1.0,Kids,United States,TV Show,2020,2020.0
Bookmarks,1.0,1.0,Kids,United States,TV Show,2020,2020.0
Julie and the Phantoms,1.0,1.0,Kids,United States,TV Show,2020,2020.0
Izzy's Koala World,2.0,0.0,Kids,Australia,TV Show,2020,2021.0
Selena: The Series,2.0,0.0,TV Dramas,"Mexico, United States, Mexico",TV Show,2020,2021.0
Zero Chill,1.0,1.0,,United Kingdom,TV Show,2021,2021.0
Waffles + Mochi,1.0,1.0,,United States,TV Show,2021,2021.0
Country Comfort,1.0,1.0,,United States,TV Show,2021,2021.0
Dad Stop Embarrassing Me!,1.0,1.0,,United States,TV Show,2021,2021.0
Scaredy Cats,1.0,1.0,,,TV Show,2021,2021.0
Super PupZ,1.0,1.0,,,TV Show,2022,2022.0
The Last Bus,1.0,1.0,,,TV Show,2022,2022.0
Man vs. Bee,1.0,1.0,,,TV Show,2022,2022.0
Gymnastics Academy: A Second Chance!,1.0,1.0,,,TV Show,2022,2022.0
Phantom Pups,1.0,1.0,,,TV Show,2022,2022.0
Waffles + Mochi's Restaurant,1.0,1.0,,,TV Show,2022,2022.0
BoJack Horseman,6.0,0.0,TV Comedies,United States,TV Show,2014,2020.0
F Is for Family,5.0,0.0,,,TV Show,2015,2021.0
Neo Yokio,2.0,0.0,TV Comedies,United States,TV Show,2017,2018.0
Paradise PD,4.0,0.0,TV Comedies,United States,TV Show,2018,2022.0
Super Drags,1.0,1.0,International TV,Brazil,TV Show,2018,2018.0
Trailer Park Boys: The Animated Series,2.0,0.0,TV Comedies,Canada,TV Show,2019,2020.0
Tuca & Bertie,1.0,1.0,TV Comedies,United States,TV Show,2019,2019.0
The Midnight Gospel,1.0,1.0,TV Comedies,United States,TV Show,2020,2020.0
Hoops,1.0,1.0,TV Comedies,United States,TV Show,2020,2020.0
The Liberator,1.0,1.0,TV Action,United States,TV Show,2020,2020.0
Bad Exorcist,2.0,0.0,,,TV Show,2020,2021.0
Masters of the Universe: Revelation,2.0,0.0,,,TV Show,2021,2021.0
Q-Force,1.0,1.0,,United States,TV Show,2021,2021.0
Adventure Beast,1.0,1.0,,,TV Show,2021,2021.0
Inside Job,1.0,0.0,,,TV Show,2021,2022.0
Tear Along the Dotted Line,1.0,1.0,,,TV Show,2021,2021.0
Saturday Morning All Star Hits!,1.0,1.0,,,TV Show,2021,2021.0
The Guardians of Justice,1.0,1.0,,,TV Show,2022,2022.0
Farzar,1.0,1.0,,,TV Show,2022,2022.0
Human Resources,2.0,0.0,,,TV Show,2022,2023.0
Castlevania,4.0,0.0,Anime Series,United States,TV Show,2017,2021.0
Devilman Crybaby,1.0,1.0,Anime Series,Japan,TV Show,2018,2018.0
B: The Beginning,2.0,0.0,Anime Series,Japan,TV Show,2018,2021.0
A.I.C.O. -Incarnation-,1.0,1.0,,,TV Show,2018,2018.0
Sword Gai: The Animation,2.0,0.0,,,TV Show,2018,2018.0
Lost Song,1.0,0.0,,,TV Show,2018,2018.0
Aggretsuko,5.0,0.0,Anime Series,Japan,TV Show,2018,2023.0
Baki,2.0,0.0,,,TV Show,2018,2020.0
Hero Mask,2.0,0.0,,,TV Show,2018,2019.0
Ultraman,3.0,0.0,Anime Series,"United States, Japan, United States",TV Show,2019,2023.0
Rilakkuma and Kaoru,1.0,1.0,Anime Series,"Japan, United States, Japan",TV Show,2019,2019.0
7SEEDS,2.0,0.0,Anime Series,,TV Show,2019,2020.0
Knights of the Zodiac: Saint Seiya,2.0,0.0,,,TV Show,2019,2020.0
Cannon Busters,1.0,1.0,Anime Series,"United States, Japan, United States",TV Show,2019,2019.0
Seis Manos,1.0,1.0,Anime Series,United States,TV Show,2019,2019.0
Dino Girl Gauko,2.0,0.0,Anime Series,"United States, Japan, United States",TV Show,2019,2020.0
Levius,1.0,1.0,Anime Series,Japan,TV Show,2019,2019.0
The Disastrous Life of Saiki K.: Reawakened,1.0,1.0,Anime Series,Japan,TV Show,2019,2019.0
Cagaster of an Insect Cage,1.0,1.0,Anime Series,Japan,TV Show,2020,2020.0
Ghost in the Shell: SAC_2045,2.0,0.0,Anime Series,"Japan, United States, Japan",TV Show,2020,2022.0
Japan Sinks: 2020,1.0,1.0,Anime Series,Japan,TV Show,2020,2020.0
Transformers: War for Cybertron Trilogy: Siege,1.0,1.0,,,TV Show,2020,2020.0
The Idhun Chronicles,2.0,0.0,Anime Series,Spain,TV Show,2020,2021.0
Dragon's Dogma,1.0,1.0,Anime Series,,TV Show,2020,2020.0
Transformers: War for Cybertron Trilogy: Earthrise,1.0,1.0,,,TV Show,2020,2020.0
High-Rise Invasion,1.0,1.0,,Japan,TV Show,2021,2021.0
Pacific Rim: The Black,2.0,0.0,,"United States, Australia",TV Show,2021,2022.0
Dota: Dragon's Blood,3.0,0.0,,,TV Show,2021,2022.0
Yasuke,1.0,1.0,,,TV Show,2021,2021.0
Eden,1.0,1.0,,,TV Show,2021,2021.0
Trese,1.0,1.0,,"Philippines, Singapore, Indonesia",TV Show,2021,2021.0
Resident Evil: Infinite Darkness,1.0,1.0,,,TV Show,2021,2021.0
Transformers: War for Cybertron Trilogy: Kingdom,1.0,1.0,,,TV Show,2021,2021.0
Super Crooks,1.0,1.0,,,TV Show,2021,2021.0
The Orbital Children,1.0,1.0,,,TV Show,2022,2022.0
Kotaro Lives Alone,1.0,1.0,,,TV Show,2022,2022.0
Thermae Romae Novae,1.0,1.0,,,TV Show,2022,2022.0
Vampire in the Garden,1.0,1.0,,,TV Show,2022,2022.0
Spriggan,1.0,1.0,,,TV Show,2022,2022.0
Kakegurui Twin,1.0,1.0,,,TV Show,2022,2022.0
Tekken: Bloodline,1.0,1.0,,,TV Show,2022,2022.0
Rilakkuma's Theme Park Adventure,1.0,1.0,,,TV Show,2022,2022.0
Bee and PuppyCat,1.0,1.0,,,TV Show,2022,2022.0
Cyberpunk: Edgerunners,1.0,1.0,,,TV Show,2022,2022.0
Exception,1.0,1.0,,,TV Show,2022,2022.0
Romantic Killer,1.0,1.0,,,TV Show,2022,2022.0
All Hail King Julien,5.0,0.0,Kids,United States,TV Show,2014,2017.0
Ever After High,5.0,0.0,Kids,Canada,TV Show,2015,2016.0
Dragons: Race to the Edge,6.0,0.0,Kids,United States,TV Show,2015,2018.0
Popples,3.0,0.0,Kids,"United States, France, United States",TV Show,2015,2016.0
Care Bears and Cousins,2.0,0.0,,,TV Show,2015,2016.0
Lego Bionicle: The Journey to One,2.0,0.0,,,TV Show,2016,2016.0
Lego Friends: The Power of Friendship,2.0,0.0,,,TV Show,2016,2016.0
Kong: King of the Apes,2.0,0.0,Kids,"United States, Japan, Canada, United States",TV Show,2016,2018.0
Voltron: Legendary Defender,8.0,0.0,Kids,United States,TV Show,2016,2018.0
Justin Time GO!,1.0,1.0,Kids,,TV Show,2016,2016.0
Word Party,5.0,0.0,Kids,United States,TV Show,2016,2021.0
Ask the StoryBots,3.0,0.0,Kids,United States,TV Show,2016,2019.0
Kulipari: An Army of Frogs,1.0,1.0,Kids,United States,TV Show,2016,2016.0
Skylanders Academy,3.0,0.0,Kids,"South Korea, United States, South Korea",TV Show,2016,2018.0
World of Winx,2.0,0.0,Kids,"Italy, United States, Italy",TV Show,2016,2017.0
Luna Petunia,3.0,0.0,Kids,United States,TV Show,2016,2017.0
Trollhunters: Tales of Arcadia,3.0,0.0,,,TV Show,2016,2018.0
Edgar Rice Burroughs' Tarzan and Jane,2.0,0.0,Crime TV,,TV Show,2017,2018.0
We're Lalaloopsy,1.0,1.0,Kids,United States,TV Show,2017,2017.0
Legend Quest,1.0,1.0,Kids,Mexico,TV Show,2017,2017.0
Buddy Thunderstruck,1.0,1.0,Kids,United States,TV Show,2017,2017.0
All Hail King Julien: Exiled,1.0,1.0,Kids,,TV Show,2017,2017.0
True and the Rainbow Kingdom,3.0,0.0,Kids,"United States, Canada, United States",TV Show,2017,2019.0
Lego Elves: Secrets of Elvendale,1.0,1.0,,,TV Show,2017,2017.0
The Magic School Bus Rides Again,2.0,0.0,Kids,United States,TV Show,2017,2018.0
Super Monsters,3.0,0.0,Kids,,TV Show,2017,2019.0
Stretch Armstrong and the Flex Fighters,2.0,0.0,,,TV Show,2017,2018.0
Trolls: The Beat Goes On!,8.0,0.0,Kids,United States,TV Show,2018,2019.0
Llama Llama,2.0,0.0,Kids,United States,TV Show,2018,2019.0
Luna Petunia: Return to Amazia,2.0,0.0,Kids,"Canada, United States, Canada",TV Show,2018,2018.0
The Boss Baby: Back in Business,4.0,0.0,Kids,United States,TV Show,2018,2020.0
Spy Kids: Mission Critical,2.0,0.0,Kids,"United States, Canada, United States",TV Show,2018,2018.0
The Hollow,2.0,0.0,Kids,Canada,TV Show,2018,2020.0
True: Magical Friends,1.0,1.0,Kids,,TV Show,2018,2018.0
True: Wonderful Wishes,1.0,1.0,Kids,,TV Show,2018,2018.0
Harvey Girls Forever!,4.0,0.0,,,TV Show,2018,2020.0
The Epic Tales of Captain Underpants,3.0,0.0,Kids,United States,TV Show,2018,2019.0
Cupcake & Dino: General Services,2.0,0.0,,,TV Show,2018,2019.0
Larva Island,2.0,0.0,Kids,,TV Show,2018,2019.0
She-Ra and the Princesses of Power,5.0,0.0,Kids,United States,TV Show,2018,2020.0
Kulipari: Dream Walker,1.0,1.0,Kids,,TV Show,2018,2018.0
Motown Magic,2.0,0.0,Kids,"Australia, United States, Australia",TV Show,2018,2019.0
3Below: Tales of Arcadia,2.0,0.0,Kids,United States,TV Show,2018,2019.0
Pinky Malinky,3.0,0.0,Kids,United States,TV Show,2019,2019.0
Carmen Sandiego,4.0,0.0,Kids,United States,TV Show,2019,2021.0
YooHoo to the Rescue,3.0,0.0,Kids,South Korea,TV Show,2019,2020.0
Charlie's Colorforms City,6.0,0.0,Kids,United States,TV Show,2019,2022.0
Mighty Little Bheem,3.0,0.0,Kids,,TV Show,2019,2020.0
Twelve Forever,1.0,1.0,Kids,United States,TV Show,2019,2019.0
Spirit Riding Free: Pony Tales,2.0,0.0,Kids,United States,TV Show,2019,2019.0
Archibald's Next Big Thing,2.0,0.0,Kids,,TV Show,2019,2020.0
The Last Kids on Earth,3.0,0.0,Kids,United States,TV Show,2019,2020.0
Dragons: Rescue Riders,2.0,0.0,Kids,United States,TV Show,2019,2020.0
Legend Quest: Masters of Myth,1.0,1.0,Kids,Mexico,TV Show,2019,2019.0
Hello Ninja,4.0,0.0,Kids,United States,TV Show,2019,2021.0
Green Eggs and Ham,2.0,0.0,Kids,"United Kingdom, Canada, United States, United Kingdom",TV Show,2019,2022.0
Fast & Furious Spy Racers,6.0,0.0,Kids,United States,TV Show,2019,2021.0
Go! Go! Cory Carson,6.0,0.0,Kids,United States,TV Show,2020,2021.0
Kipo and the Age of Wonderbeasts,3.0,0.0,Kids,United States,TV Show,2020,2020.0
Glitch Techs,2.0,0.0,Kids,United States,TV Show,2020,2020.0
Buddi,2.0,0.0,British TV,"United Kingdom, China, United Kingdom",TV Show,2020,2020.0
Spirit Riding Free: Riding Academy,2.0,0.0,Kids,United States,TV Show,2020,2020.0
StarBeam,4.0,0.0,Kids,United States,TV Show,2020,2021.0
Chico Bon Bon: Monkey with a Tool Belt,4.0,0.0,Kids,United States,TV Show,2020,2020.0
Rhyme Time Town,2.0,0.0,Kids,,TV Show,2020,2021.0
The Epic Tales of Captain Underpants in Space,1.0,1.0,Kids,United States,TV Show,2020,2020.0
Wizards: Tales of Arcadia,1.0,1.0,Kids,United States,TV Show,2020,2020.0
Jurassic World Camp Cretaceous,5.0,0.0,Kids,United States,TV Show,2020,2022.0
Mighty Express,7.0,0.0,Kids,"United States, Canada, United States",TV Show,2020,2022.0
Trash Truck,2.0,0.0,Kids,,TV Show,2020,2021.0
"Go, Dog. Go!",3.0,0.0,,,TV Show,2021,2022.0
Kid Cosmic,3.0,0.0,,United States,TV Show,2021,2022.0
Kayko and Kokosh,2.0,0.0,,,TV Show,2021,2021.0
City of Ghosts,1.0,1.0,,United States,TV Show,2021,2021.0
We the People,1.0,1.0,,United States,TV Show,2021,2021.0
Ridley Jones,5.0,0.0,,United States,TV Show,2021,2023.0
Johnny Test,2.0,0.0,Kids,"United States, Canada, United States",TV Show,2021,2022.0
Centaurworld,2.0,0.0,,,TV Show,2021,2021.0
I Heart Arlo,1.0,1.0,,,TV Show,2021,2021.0
Octonauts: Above & Beyond,2.0,0.0,,United Kingdom,TV Show,2021,2022.0
He-Man and the Masters of the Universe,3.0,0.0,,United States,TV Show,2021,2022.0
A Tale Dark & Grimm,1.0,1.0,,,TV Show,2021,2021.0
Karma's World,4.0,0.0,,,TV Show,2021,2022.0
Maya and the Three,1.0,1.0,,,TV Show,2021,2021.0
"StoryBots: Laugh, Learn, Sing",2.0,0.0,,,TV Show,2021,2022.0
Dogs in Space,2.0,0.0,,,TV Show,2021,2022.0
Word Party Presents: Math!,1.0,1.0,,,TV Show,2021,2021.0
Action Pack,2.0,0.0,,,TV Show,2022,2022.0
Angry Birds: Summer Madness,3.0,0.0,,,TV Show,2022,2022.0
Team Zenko Go,2.0,0.0,,,TV Show,2022,2022.0
Trivia Quest,1.0,0.0,,,TV Show,2022,2022.0
Battle Kitty,1.0,1.0,,,TV Show,2022,2022.0
Samurai Rabbit: The Usagi Chronicles,2.0,0.0,,,TV Show,2022,2022.0
Sea of Love,1.0,1.0,,,TV Show,2022,2022.0
Dead End: Paranormal Park,2.0,0.0,,,TV Show,2022,2022.0
Big Tree City,1.0,1.0,,,TV Show,2022,2022.0
Super Giant Robot Brothers,1.0,1.0,,,TV Show,2022,2022.0
Deepa & Anoop,2.0,0.0,,,TV Show,2022,2022.0
Oddballs,2.0,0.0,,,TV Show,2022,2023.0
Oni: Thunder God's Tale,1.0,1.0,,,TV Show,2022,2022.0
Brown and Friends,1.0,1.0,,,TV Show,2022,2022.0
Ludik,1.0,1.0,,,TV Show,2022,2022.0
Jinn,1.0,1.0,International TV,Jordan,TV Show,2019,2019.0
Dollar,1.0,1.0,International TV,Lebanon,TV Show,2019,2019.0
Paranormal,1.0,1.0,International TV,Egypt,TV Show,2020,2020.0
Abla Fahita: Drama Queen,1.0,1.0,,Egypt,TV Show,2021,2021.0
"Love, Life & Everything in Between",1.0,1.0,,,TV Show,2022,2022.0
The Cage,1.0,1.0,,,TV Show,2022,2022.0
The Rain,1.0,1.0,International TV,"Denmark, United States, Denmark",TV Show,2018,2018.0
Equinox,1.0,1.0,International TV,"Denmark, United States, Denmark",TV Show,2020,2020.0
The Chestnut Man,1.0,1.0,,,TV Show,2021,2021.0
Elves,1.0,1.0,,,TV Show,2021,2021.0
Chosen,1.0,1.0,Crime TV,China,TV Show,2022,2022.0
The Nurse,1.0,1.0,,,TV Show,2023,2023.0
Ares,1.0,1.0,International TV,Netherlands,TV Show,2020,2020.0
Misfit: The Series,1.0,1.0,,,TV Show,2021,2021.0
Dirty Lines,1.0,1.0,,,TV Show,2022,2022.0
Marseille,2.0,0.0,International TV,France,TV Show,2016,2018.0
The Hook Up Plan,3.0,0.0,International TV,France,TV Show,2018,2022.0
Osmosis,1.0,1.0,International TV,France,TV Show,2019,2019.0
Family Business,3.0,0.0,International TV,France,TV Show,2019,2021.0
Marianne,1.0,1.0,International TV,France,TV Show,2019,2019.0
Criminal: France,1.0,1.0,Crime TV,,TV Show,2019,2019.0
Vampires,1.0,1.0,International TV,France,TV Show,2020,2020.0
Mortel,2.0,0.0,Crime TV,France,TV Show,2019,2021.0
Into the Night,2.0,0.0,International TV,Belgium,TV Show,2020,2021.0
La RÃÂ©volution,1.0,1.0,International TV,France,TV Show,2020,2020.0
Dealer,1.0,1.0,,France,TV Show,2021,2021.0
Gone for Good,1.0,1.0,,France,TV Show,2021,2021.0
Christmas Flow,1.0,1.0,,,TV Show,2021,2021.0
Standing Up,1.0,1.0,,,TV Show,2022,2022.0
The 7 Lives of Lea,1.0,1.0,,,TV Show,2022,2022.0
Off the Hook,1.0,1.0,,,TV Show,2022,2022.0
Notre-Dame,1.0,1.0,,,TV Show,2022,2022.0
Dark,3.0,0.0,Crime TV,"Germany, United States, Germany",TV Show,2017,2020.0
Dogs of Berlin,1.0,1.0,Crime TV,Germany,TV Show,2018,2018.0
How to Sell Drugs Online (Fast),3.0,0.0,Crime TV,Germany,TV Show,2019,2021.0
Criminal: Germany,1.0,1.0,Crime TV,Germany,TV Show,2019,2019.0
Skylines,1.0,1.0,Crime TV,"United Kingdom, United States, Germany","TV Show, Movie",2019,2019.0
We Are the Wave,1.0,1.0,International TV,Germany,TV Show,2019,2019.0
Holiday Secrets,1.0,1.0,International TV,Germany,TV Show,2019,2019.0
Biohackers,2.0,0.0,International TV,Germany,TV Show,2020,2021.0
The Last Word,1.0,1.0,International TV,Germany,TV Show,2020,2020.0
Barbarians,2.0,0.0,International TV,Germany,TV Show,2020,2022.0
Over Christmas,1.0,1.0,International TV,Germany,TV Show,2020,2020.0
Tribes of Europa,1.0,1.0,,Germany,TV Show,2021,2021.0
The Billion Dollar Code,1.0,1.0,,,TV Show,2021,2021.0
Life's a Glitch with Julien Bam,1.0,1.0,,,TV Show,2021,2021.0
Kitz,1.0,1.0,,,TV Show,2021,2021.0
King of Stonks,1.0,1.0,,,TV Show,2022,2022.0
Sleeping Dog,1.0,1.0,,,TV Show,2023,2023.0
Sacred Games,2.0,0.0,Crime TV,"India, United States, India",TV Show,2018,2019.0
Ghoul,1.0,1.0,,,TV Show,2018,2018.0
Selection Day,1.0,0.0,International TV,India,TV Show,2018,2019.0
Leila,1.0,1.0,International TV,India,TV Show,2019,2019.0
Typewriter,1.0,1.0,International TV,India,TV Show,2019,2019.0
Bard of Blood,1.0,1.0,International TV,India,TV Show,2019,2019.0
Jamtara Ã¢ÂÂ Sabka Number Ayega,2.0,0.0,,,TV Show,2020,2022.0
Taj Mahal 1989,1.0,1.0,International TV,India,TV Show,2020,2020.0
Hasmukh,1.0,1.0,Crime TV,India,TV Show,2020,2020.0
Betaal,1.0,1.0,International TV,India,TV Show,2020,2020.0
Masaba Masaba,2.0,0.0,International TV,India,TV Show,2020,2022.0
Bhaag Beanie Bhaag,1.0,1.0,International TV,India,TV Show,2020,2020.0
Bombay Begums,1.0,1.0,,India,TV Show,2021,2021.0
Ray,1.0,1.0,,,TV Show,2021,2021.0
Feels Like Ishq,1.0,1.0,,,TV Show,2021,2021.0
Call My Agent: Bollywood,1.0,1.0,,,TV Show,2021,2021.0
Aranyak,1.0,1.0,,,TV Show,2021,2021.0
The Fame Game,1.0,1.0,,,TV Show,2022,2022.0
Mai: A Mother's Rage,1.0,1.0,,,TV Show,2022,2022.0
Katla,1.0,1.0,,Iceland,TV Show,2021,2021.0
Suburra: Blood on Rome,3.0,0.0,Crime TV,Italy,TV Show,2017,2020.0
Baby,3.0,0.0,International TV,Italy,TV Show,2018,2020.0
Luna Nera,1.0,1.0,International TV,Italy,TV Show,2020,2020.0
Summertime,3.0,0.0,International TV,Italy,TV Show,2020,2022.0
Curon,1.0,1.0,International TV,Italy,TV Show,2020,2020.0
Zero,1.0,1.0,Comedies,"Italy, India",TV Show,2021,2021.0
Generation 56K,1.0,1.0,,,TV Show,2021,2021.0
Luna Park,1.0,1.0,,,TV Show,2021,2021.0
An Astrological Guide for Broken Hearts,2.0,0.0,,,TV Show,2021,2022.0
Framed! A Sicilian Murder Mystery,2.0,0.0,,,TV Show,2022,2023.0
"Devotion, a Story of Love and Desire",1.0,1.0,,,TV Show,2022,2022.0
Hibana: Spark,1.0,1.0,International TV,Japan,TV Show,2016,2016.0
Midnight Diner: Tokyo Stories,2.0,0.0,International TV,Japan,TV Show,2016,2019.0
Samurai Gourmet,1.0,1.0,International TV,Japan,TV Show,2017,2017.0
Blazing Transfer Students,1.0,1.0,International TV,Japan,TV Show,2017,2017.0
Erased,1.0,1.0,Anime Series,Japan,TV Show,2017,2017.0
Jimmy: The True Story of a True Idiot,1.0,1.0,International TV,Japan,TV Show,2018,2018.0
Switched,1.0,1.0,International TV,Japan,TV Show,2018,2018.0
The Naked Director,2.0,0.0,International TV,Japan,TV Show,2019,2021.0
Followers,1.0,1.0,International TV,Japan,TV Show,2020,2020.0
The Forest of Love: Deep Cut,1.0,1.0,Crime TV,Japan,TV Show,2020,2020.0
Ju-On: Origins,1.0,1.0,,,TV Show,2020,2020.0
Creator's File: Gold,1.0,1.0,,,TV Show,2021,2021.0
The Journalist,1.0,1.0,,,TV Show,2022,2022.0
Fishbowl Wives,1.0,1.0,,,TV Show,2022,2022.0
My Only Love Song,1.0,1.0,International TV,South Korea,TV Show,2017,2017.0
YG Future Strategy Office,1.0,1.0,International TV,South Korea,TV Show,2018,2018.0
Kingdom,2.0,0.0,TV Dramas,"South Korea, United States, United States",TV Show,2019,2020.0
Persona,1.0,1.0,International TV,South Korea,TV Show,2019,2019.0
My First First Love,2.0,0.0,International TV,South Korea,TV Show,2019,2019.0
Love Alarm,2.0,0.0,International TV,South Korea,TV Show,2019,2021.0
My Holo Love,1.0,1.0,International TV,,TV Show,2020,2020.0
Extracurricular,1.0,1.0,Crime TV,South Korea,TV Show,2020,2020.0
The School Nurse Files,1.0,1.0,International TV,South Korea,TV Show,2020,2020.0
Move to Heaven,1.0,1.0,,South Korea,TV Show,2021,2021.0
So Not Worth It,1.0,1.0,,,TV Show,2021,2021.0
My Name,1.0,1.0,,,TV Show,2021,2021.0
The Silent Sea,1.0,1.0,,,TV Show,2021,2021.0
Juvenile Justice,1.0,1.0,,,TV Show,2022,2022.0
The Sound of Magic,1.0,1.0,,,TV Show,2022,2022.0
Remarriage & Desires,1.0,1.0,,,TV Show,2022,2022.0
A Model Family,1.0,1.0,,,TV Show,2022,2022.0
Narco-Saints,1.0,1.0,,,TV Show,2022,2022.0
Glitch,1.0,1.0,International TV,Australia,TV Show,2022,2022.0
Nowhere Man,1.0,1.0,Crime TV,Taiwan,TV Show,2019,2019.0
Triad Princess,1.0,1.0,Crime TV,,TV Show,2019,2019.0
The Ghost Bride,1.0,1.0,International TV,"Taiwan, Malaysia, Taiwan",TV Show,2020,2020.0
More than Blue: The Series,1.0,1.0,,,TV Show,2021,2021.0
Light the Night,3.0,0.0,,,TV Show,2021,2022.0
"Mom, Don't Do That!",1.0,1.0,,,TV Show,2022,2022.0
Shards of Her,1.0,1.0,,,TV Show,2022,2022.0
Home for Christmas,2.0,0.0,International TV,Norway,TV Show,2019,2020.0
Ragnarok,3.0,0.0,International TV,"Norway, Denmark, Norway",TV Show,2020,2023.0
Bloodride,1.0,1.0,International TV,Norway,TV Show,2020,2020.0
Post Mortem: No One Dies in Skarnes,1.0,1.0,,,TV Show,2021,2021.0
The LÃÂ¸renskog Disappearance,1.0,1.0,,,TV Show,2022,2022.0
A Storm for Christmas,1.0,1.0,,,TV Show,2022,2022.0
1983,1.0,1.0,Crime TV,"Poland, United States, Poland",TV Show,2018,2018.0
The Woods,1.0,1.0,Crime TV,"Poland, United States, Poland",TV Show,2020,2020.0
Open Your Eyes,1.0,1.0,,,TV Show,2021,2021.0
Hold Tight,1.0,1.0,,,TV Show,2022,2022.0
Cracow Monsters,1.0,1.0,,,TV Show,2022,2022.0
Queen,1.0,1.0,Comedies,India,"TV Show, Movie",2022,2022.0
Family Secrets,1.0,1.0,,,TV Show,2022,2022.0
High Water,1.0,1.0,,,TV Show,2022,2022.0
Dead End,1.0,1.0,,,TV Show,2022,2022.0
Glitter,1.0,1.0,,,TV Show,2022,2022.0
3%,4.0,0.0,International TV,Brazil,TV Show,2016,2020.0
The Mechanism,2.0,0.0,Crime TV,Brazil,TV Show,2018,2019.0
Samantha!,2.0,0.0,International TV,Brazil,TV Show,2018,2019.0
Girls from Ipanema,2.0,0.0,,,TV Show,2019,2020.0
The Chosen One,2.0,0.0,International TV,Brazil,TV Show,2019,2019.0
Brotherhood,2.0,0.0,Crime TV,Brazil,TV Show,2019,2022.0
Nobody's Looking,1.0,1.0,International TV,Brazil,TV Show,2019,2019.0
Omniscient,1.0,1.0,International TV,Brazil,TV Show,2020,2020.0
Reality Z,1.0,1.0,International TV,Brazil,TV Show,2020,2020.0
Kissing Game,1.0,1.0,International TV,Brazil,TV Show,2020,2020.0
GlÃÂ³ria,1.0,1.0,,,TV Show,2021,2021.0
Summer Heat,1.0,1.0,,,TV Show,2022,2022.0
Maldivas,1.0,1.0,,,TV Show,2022,2022.0
Unsuspicious,1.0,1.0,,,TV Show,2022,2022.0
Only for Love,1.0,1.0,,,TV Show,2022,2022.0
Time Hustler,1.0,1.0,,,TV Show,2022,2022.0
Lady Voyeur,1.0,1.0,,,TV Show,2023,2023.0
The Endless Night,1.0,1.0,,,TV Show,2023,2023.0
Club de Cuervos,4.0,0.0,,,TV Show,2015,2019.0
Ingobernable,2.0,0.0,Crime TV,Mexico,TV Show,2017,2018.0
Cable Girls,5.0,0.0,International TV,Spain,TV Show,2017,2020.0
Edha,1.0,1.0,International TV,Argentina,TV Show,2018,2018.0
Club de Cuervos Presents: The Ballad of Hugo SÃÂ¡nchez,1.0,1.0,International TV,United States,TV Show,2018,2018.0
The House of Flowers,3.0,0.0,International TV,Mexico,TV Show,2018,2020.0
Diablero,2.0,0.0,International TV,Mexico,TV Show,2018,2020.0
Always a Witch,2.0,0.0,International TV,Colombia,TV Show,2019,2020.0
Crime Diaries: The Candidate,1.0,1.0,Crime TV,Mexico,TV Show,2019,2019.0
Crime Diaries: Night Out,1.0,1.0,Crime TV,Mexico,TV Show,2019,2019.0
High Seas,3.0,0.0,Crime TV,Spain,TV Show,2019,2020.0
Yankee,1.0,1.0,Crime TV,Mexico,TV Show,2019,2019.0
Green Frontier,1.0,1.0,Crime TV,Colombia,TV Show,2019,2019.0
Monarca,2.0,0.0,International TV,Mexico,TV Show,2019,2021.0
Criminal: Spain,1.0,1.0,Crime TV,Spain,TV Show,2019,2019.0
Hache,2.0,0.0,Crime TV,Spain,TV Show,2019,2021.0
The Club,1.0,1.0,Crime TV,Mexico,TV Show,2019,2019.0
Three Days of Christmas,1.0,1.0,International TV,Spain,TV Show,2019,2019.0
The Neighbor,2.0,0.0,International TV,Spain,TV Show,2019,2021.0
Puerta 7,1.0,1.0,Crime TV,Argentina,TV Show,2020,2020.0
Unstoppable,1.0,1.0,International TV,Mexico,TV Show,2020,2020.0
Almost Happy,2.0,0.0,International TV,Argentina,TV Show,2020,2022.0
Valeria,3.0,0.0,International TV,Spain,TV Show,2020,2023.0
The Unremarkable Juanquini,2.0,0.0,International TV,,TV Show,2020,2021.0
Control Z,3.0,0.0,International TV,Mexico,TV Show,2020,2022.0
The Search,1.0,1.0,Crime TV,Mexico,TV Show,2020,2020.0
Dark Desire,2.0,0.0,Crime TV,Mexico,TV Show,2020,2022.0
The Great Heist,1.0,1.0,Crime TV,Colombia,TV Show,2020,2020.0
Someone Has to Die,1.0,1.0,Crime TV,"Mexico, Spain, Mexico",TV Show,2020,2020.0
The Minions of Midas,1.0,1.0,Crime TV,Spain,TV Show,2020,2020.0
The Mess You Leave Behind,1.0,1.0,International TV,Spain,TV Show,2020,2020.0
Sky Rojo,3.0,0.0,,Spain,TV Show,2021,2023.0
Who Killed Sara?,3.0,0.0,,Mexico,TV Show,2021,2022.0
The Innocent,1.0,1.0,,,TV Show,2021,2021.0
Somos.,1.0,1.0,,Mexico,TV Show,2021,2021.0
The War Next-door,2.0,0.0,,,TV Show,2021,2022.0
The Kingdom,2.0,0.0,,Argentina,TV Show,2021,2023.0
Everything Will Be Fine,1.0,1.0,,,TV Show,2021,2021.0
Jaguar,1.0,1.0,,,TV Show,2021,2021.0
The Five Juanas,1.0,1.0,,,TV Show,2021,2021.0
The Time It Takes,1.0,1.0,,,TV Show,2021,2021.0
Rebelde,2.0,0.0,International TV,Mexico,TV Show,2022,2022.0
Feria: The Darkest Light,1.0,1.0,,,TV Show,2022,2022.0
Savage Rhythm,1.0,1.0,,,TV Show,2022,2022.0
Once Upon a Time... Happily Never After,1.0,1.0,,,TV Show,2022,2022.0
Heirs to the Land,1.0,1.0,,,TV Show,2022,2022.0
Welcome to Eden,2.0,0.0,,,TV Show,2022,2023.0
42 Days of Darkness,1.0,1.0,,,TV Show,2022,2022.0
Intimacy,1.0,1.0,,,TV Show,2022,2022.0
The Longest Night,1.0,1.0,,,TV Show,2022,2022.0
FanÃÂ¡tico,1.0,1.0,,,TV Show,2022,2022.0
High Heat,1.0,1.0,,,TV Show,2022,2022.0
The Girl in the Mirror,1.0,1.0,,,TV Show,2022,2022.0
You're Nothing Special,1.0,1.0,,,TV Show,2022,2022.0
Santo,1.0,1.0,,,TV Show,2022,2022.0
The Girls at the Back,1.0,1.0,,,TV Show,2022,2022.0
The Fight for Justice: Paolo Guerrero,1.0,1.0,,,TV Show,2022,2022.0
"BelascoarÃÂ¡n, PI",1.0,1.0,,,TV Show,2022,2022.0
If Only,1.0,1.0,,,TV Show,2022,2022.0
Smiley,1.0,1.0,,,TV Show,2022,2022.0
The Most Beautiful Flower,1.0,1.0,,,TV Show,2022,2022.0
Against the Ropes,1.0,1.0,,,TV Show,2023,2023.0
In Love All Over Again,1.0,1.0,,,TV Show,2023,2023.0
Sky High: The Series,1.0,1.0,,,TV Show,2023,2023.0
A Perfect Story,1.0,1.0,,,TV Show,2023,2023.0
Quicksand,1.0,1.0,Crime TV,Sweden,TV Show,2019,2019.0
Love & Anarchy,2.0,0.0,International TV,Sweden,TV Show,2020,2022.0
Snabba Cash,2.0,0.0,,,TV Show,2021,2022.0
The Unlikely Murderer,1.0,1.0,,,TV Show,2021,2021.0
Anxious People,1.0,1.0,,,TV Show,2021,2021.0
Clark,1.0,1.0,,,TV Show,2022,2022.0
The Playlist,1.0,1.0,,,TV Show,2022,2022.0
Paava Kadhaigal,1.0,1.0,International TV,India,TV Show,2020,2020.0
Navarasa,1.0,1.0,,India,TV Show,2021,2021.0
Pitta Kathalu,1.0,1.0,,India,TV Show,2021,2021.0
The Stranded,1.0,1.0,International TV,Thailand,TV Show,2019,2019.0
Bangkok Breaking,1.0,1.0,,,TV Show,2021,2021.0
Hurts Like Hell,1.0,1.0,,,TV Show,2022,2022.0
School Tales The Series,1.0,1.0,,,TV Show,2022,2022.0
Thai Cave Rescue,1.0,1.0,,,TV Show,2022,2022.0
The Protector,4.0,0.0,International TV,Turkey,TV Show,2018,2020.0
The Gift,3.0,0.0,International TV,Turkey,TV Show,2019,2021.0
Love 101,2.0,0.0,International TV,Turkey,TV Show,2020,2021.0
Ethos,1.0,1.0,International TV,Turkey,TV Show,2020,2020.0
50M2,1.0,1.0,,Turkey,TV Show,2021,2021.0
Fatma,1.0,1.0,,Turkey,TV Show,2021,2021.0
Wild Abandon,1.0,1.0,,,TV Show,2022,2022.0
Yakamoz S-245,1.0,1.0,,,TV Show,2022,2022.0
Another Self,1.0,1.0,,,TV Show,2022,2022.0
Man on Pause,1.0,1.0,,,TV Show,2022,2022.0
Hot Skull,1.0,1.0,,,TV Show,2022,2022.0
The Brave Ones,1.0,1.0,,,TV Show,2022,2022.0
Chef's Table,6.0,0.0,Docuseries,United States,TV Show,2015,2019.0
Making a Murderer,2.0,0.0,Crime TV,United States,TV Show,2015,2018.0
Chelsea Does,1.0,1.0,Docuseries,United States,TV Show,2016,2016.0
Cooked,1.0,1.0,Docuseries,United States,TV Show,2016,2016.0
Last Chance U,5.0,0.0,Docuseries,United States,TV Show,2016,2020.0
Fearless,1.0,1.0,Children,Canada,"TV Show, Movie",2016,2016.0
Chef's Table: France,1.0,1.0,Docuseries,,TV Show,2016,2016.0
Roman Empire,3.0,0.0,,,TV Show,2016,2019.0
Captive,1.0,1.0,Crime TV,United Kingdom,TV Show,2016,2016.0
Abstract: The Art of Design,2.0,0.0,Docuseries,United States,TV Show,2017,2019.0
Five Came Back,1.0,1.0,Docuseries,United States,TV Show,2017,2017.0
Hot Girls Wanted: Turned On,1.0,1.0,Docuseries,United States,TV Show,2017,2017.0
The Keepers,1.0,1.0,Crime TV,United States,TV Show,2017,2017.0
Daughters of Destiny,1.0,1.0,Docuseries,United States,TV Show,2017,2017.0
Fire Chasers,1.0,1.0,Docuseries,United States,TV Show,2017,2017.0
The Confession Tapes,2.0,0.0,Crime TV,United States,TV Show,2017,2019.0
Jack Whitehall: Travels with My Father,5.0,0.0,British TV,United Kingdom,TV Show,2017,2021.0
The Day I Met El Chapo,1.0,1.0,Crime TV,United States,TV Show,2017,2017.0
Shot in the Dark,1.0,1.0,Reality TV,United States,TV Show,2017,2017.0
Wormwood,4.0,0.0,Crime TV,United States,TV Show,2017,
72 Dangerous Animals: Latin America,1.0,1.0,Docuseries,"Australia, United States, Australia",TV Show,2017,2017.0
Dope,3.0,0.0,Crime TV,United States,TV Show,2017,2019.0
The Toys That Made Us,3.0,0.0,Docuseries,United States,TV Show,2017,2019.0
Rotten,2.0,0.0,Docuseries,United States,TV Show,2018,2019.0
Drug Lords,2.0,0.0,Crime TV,United States,TV Show,2018,2018.0
Dirty Money,2.0,0.0,Crime TV,United States,TV Show,2018,2020.0
Coach Snoop,1.0,1.0,Docuseries,United States,TV Show,2018,2018.0
First Team: Juventus,1.0,0.0,Docuseries,United States,TV Show,2018,2018.0
Ugly Delicious,2.0,0.0,Docuseries,United States,TV Show,2018,2020.0
Flint Town,1.0,1.0,Docuseries,United States,TV Show,2018,2018.0
Girls Incarcerated,2.0,0.0,Docuseries,United States,TV Show,2018,2019.0
Wild Wild Country,1.0,1.0,Crime TV,United States,TV Show,2018,2018.0
Rapture,1.0,1.0,Docuseries,United States,TV Show,2018,2018.0
Bobby Kennedy for President,5.0,0.0,Docuseries,,TV Show,2018,
Evil Genius: The True Story of America's Most Diabolical Bank Heist,1.0,1.0,,,TV Show,2018,2018.0
Explained,3.0,0.0,Docuseries,United States,TV Show,2018,2021.0
November 13: Attack on Paris,1.0,1.0,Crime TV,France,TV Show,2018,2018.0
Dark Tourist,1.0,1.0,Docuseries,New Zealand,TV Show,2018,2018.0
Marching Orders,1.0,1.0,Docuseries,United States,TV Show,2018,2018.0
72 Dangerous Animals: Asia,1.0,1.0,Docuseries,Australia,TV Show,2018,2018.0
Afflicted,1.0,1.0,Docuseries,United States,TV Show,2018,2018.0
Follow This,3.0,0.0,Docuseries,United States,TV Show,2018,2018.0
First and Last,1.0,1.0,Docuseries,,TV Show,2018,2018.0
Boca Juniors Confidential,1.0,1.0,Docuseries,,TV Show,2018,2018.0
Salt Fat Acid Heat,1.0,1.0,Docuseries,,TV Show,2018,2018.0
FightWorld,1.0,1.0,,,TV Show,2018,2018.0
Terrorism Close Calls,1.0,1.0,Crime TV,"United States, Czech Republic, United States",TV Show,2018,2018.0
Medal of Honor,1.0,1.0,Docuseries,United States,TV Show,2018,2018.0
Dogs,2.0,0.0,Docuseries,United States,TV Show,2018,2021.0
Vai Anitta,1.0,1.0,Docuseries,Brazil,TV Show,2018,2018.0
Inside the Real Narcos,1.0,1.0,British TV,,TV Show,2018,2018.0
The Innocent Man,1.0,1.0,Crime TV,United States,TV Show,2018,2018.0
7 Days Out,1.0,1.0,Docuseries,United States,TV Show,2018,2018.0
Murder Mountain,1.0,1.0,Crime TV,United States,TV Show,2018,2018.0
Trigger Warning with Killer Mike,1.0,1.0,Docuseries,,TV Show,2019,2019.0
Conversations with a Killer: The Ted Bundy Tapes,1.0,1.0,Crime TV,United States,TV Show,2019,2019.0
Examination of Conscience,1.0,1.0,Crime TV,Spain,TV Show,2019,2019.0
Larry Charles' Dangerous World of Comedy,1.0,1.0,Docuseries,,TV Show,2019,2019.0
Losers,1.0,1.0,Docuseries,,TV Show,2019,2019.0
Cricket Fever: Mumbai Indians,1.0,1.0,Docuseries,India,TV Show,2019,2019.0
The Disappearance of Madeleine McCann,1.0,1.0,Crime TV,,TV Show,2019,2019.0
Street Food: Asia,1.0,1.0,,,TV Show,2019,2019.0
1994,1.0,1.0,Crime TV,Mexico,TV Show,2019,2019.0
Killer Ratings,1.0,1.0,Crime TV,,TV Show,2019,2019.0
The Chef Show,2.0,0.0,Docuseries,United States,TV Show,2019,2020.0
The AlcÃÂ sser Murders,1.0,1.0,Crime TV,Spain,TV Show,2019,2019.0
Exhibit A,1.0,1.0,Crime TV,United States,TV Show,2019,2019.0
The Last Czars,1.0,1.0,Docuseries,United States,TV Show,2019,2019.0
Taco Chronicles,3.0,0.0,Docuseries,United States,TV Show,2019,2022.0
The Family,1.0,1.0,Action,"United States, France",TV Show,2019,2019.0
Happy Jail,1.0,1.0,Crime TV,,TV Show,2019,2019.0
Diagnosis,1.0,1.0,Docuseries,United States,TV Show,2019,2019.0
"The Mind, Explained",2.0,0.0,Docuseries,United States,TV Show,2019,2021.0
Inside Bill's Brain: Decoding Bill Gates,1.0,1.0,Docuseries,United States,TV Show,2019,2019.0
Living Undocumented,1.0,1.0,Docuseries,United States,TV Show,2019,2019.0
Unnatural Selection,1.0,1.0,Docuseries,United States,TV Show,2019,2019.0
"Breakfast, Lunch & Dinner",1.0,1.0,Docuseries,United States,TV Show,2019,2019.0
The Devil Next Door,1.0,1.0,Crime TV,United States,TV Show,2019,2019.0
Maradona in Mexico,1.0,1.0,Docuseries,"Argentina, United States, Mexico, Argentina",TV Show,2019,2019.0
Who Killed Little Gregory?,1.0,1.0,Crime TV,France,TV Show,2019,2019.0
Narcoworld: Dope Stories,1.0,1.0,Crime TV,United States,TV Show,2019,2019.0
Broken,1.0,1.0,Docuseries,United States,"TV Show, Movie",2019,2019.0
The Movies That Made Us,3.0,0.0,Docuseries,United States,TV Show,2019,2021.0
The Confession Killer,1.0,1.0,Crime TV,United States,TV Show,2019,2019.0
Don't F**k with Cats: Hunting an Internet Killer,1.0,1.0,Crime TV,"United Kingdom, United States, United Kingdom",TV Show,2019,2019.0
Kevin Hart: Don't F**k This Up,1.0,1.0,,,TV Show,2019,2019.0
Arashi's Diary -Voyage-,2.0,0.0,,,TV Show,2019,2021.0
"Sex, Explained",1.0,1.0,Docuseries,United States,TV Show,2020,2020.0
Cheer,2.0,0.0,Docuseries,United States,TV Show,2020,2022.0
Killer Inside: The Mind of Aaron Hernandez,1.0,1.0,Crime TV,United States,TV Show,2020,2020.0
Pandemic: How to Prevent an Outbreak,1.0,1.0,Docuseries,United States,TV Show,2020,2020.0
Rise of Empires: Ottoman,2.0,0.0,Docuseries,,TV Show,2020,2022.0
Night on Earth,1.0,1.0,Docuseries,United Kingdom,TV Show,2020,2020.0
The Pharmacist,1.0,1.0,Crime TV,United States,TV Show,2020,2020.0
Babies,2.0,0.0,Docuseries,United States,TV Show,2020,2020.0
The Trials of Gabriel Fernandez,1.0,1.0,Crime TV,United States,TV Show,2020,2020.0
"Tiger King: Murder, Mayhem and Madness",2.0,0.0,Crime TV,United States,TV Show,2020,2021.0
How to Fix a Drug Scandal,1.0,1.0,Crime TV,United States,TV Show,2020,2020.0
The Innocence Files,1.0,1.0,Crime TV,United States,TV Show,2020,2020.0
Absurd Planet,1.0,1.0,Docuseries,United States,TV Show,2020,2020.0
"Coronavirus, Explained",1.0,1.0,Docuseries,United States,TV Show,2020,2020.0
Trial by Media,1.0,1.0,,,TV Show,2020,2020.0
History 101,2.0,0.0,British TV,United Kingdom,TV Show,2020,2022.0
Jeffrey Epstein: Filthy Rich,1.0,1.0,Crime TV,United States,TV Show,2020,2020.0
Lenox Hill,1.0,1.0,Docuseries,United States,TV Show,2020,2020.0
Home Game,1.0,1.0,Docuseries,United States,TV Show,2020,2020.0
Down to Earth with Zac Efron,2.0,0.0,Docuseries,United States,TV Show,2020,2022.0
The Business of Drugs,1.0,1.0,Docuseries,United States,TV Show,2020,2020.0
Street Food: Latin America,1.0,1.0,Docuseries,,TV Show,2020,2020.0
Fear City: New York vs The Mafia,1.0,1.0,Crime TV,United States,TV Show,2020,2020.0
Connected,1.0,1.0,Docuseries,United Kingdom,"TV Show, Movie",2020,2020.0
Immigration Nation,1.0,1.0,Docuseries,United States,TV Show,2020,2020.0
Mystery Lab,1.0,1.0,Docuseries,Brazil,TV Show,2020,2020.0
World's Most Wanted,1.0,1.0,Crime TV,United States,TV Show,2020,2020.0
Tiny Creatures,1.0,1.0,Docuseries,United States,TV Show,2020,2020.0
High Score,1.0,1.0,Docuseries,United States,TV Show,2020,2020.0
Chef's Table: BBQ,1.0,1.0,Docuseries,United States,TV Show,2020,2020.0
La LÃÂ­nea: Shadow of Narco,1.0,1.0,Crime TV,Spain,TV Show,2020,2020.0
Challenger: The Final Flight,1.0,1.0,,,TV Show,2020,2020.0
The Playbook,1.0,1.0,Docuseries,United States,TV Show,2020,2020.0
A Perfect Crime,1.0,1.0,Crime TV,Germany,TV Show,2020,2020.0
"Whose Vote Counts, Explained",1.0,1.0,Docuseries,United States,TV Show,2020,2020.0
Song Exploder,2.0,0.0,Docuseries,United States,TV Show,2020,2020.0
Bad Boy Billionaires: India,1.0,1.0,British TV,India,TV Show,2020,2020.0
Deaf U,1.0,1.0,Docuseries,United States,TV Show,2020,2020.0
Move,1.0,1.0,Docuseries,United States,TV Show,2020,2020.0
Carmel: Who Killed Maria Marta?,1.0,1.0,Crime TV,Argentina,TV Show,2020,2020.0
Trial 4,1.0,1.0,Crime TV,United States,TV Show,2020,2020.0
Voices of Fire,1.0,1.0,Docuseries,United States,TV Show,2020,2020.0
Alien Worlds,1.0,1.0,British TV,United Kingdom,TV Show,2020,2020.0
Room 2806: The Accusation,1.0,1.0,Crime TV,France,TV Show,2020,2020.0
The Surgeon's Cut,1.0,1.0,Docuseries,United States,TV Show,2020,2020.0
Anitta: Made In HonÃÂ³rio,1.0,1.0,Docuseries,Brazil,TV Show,2020,2020.0
Break it All: The History of Rock in Latin America,1.0,1.0,,,TV Show,2020,2020.0
The Ripper,1.0,1.0,British TV,United Kingdom,TV Show,2020,2020.0
SanPa: Sins of the Savior,1.0,1.0,Crime TV,Italy,TV Show,2020,2020.0
Headspace Guide to Meditation,1.0,1.0,Docuseries,United States,TV Show,2021,2021.0
History of Swear Words,1.0,1.0,Docuseries,United States,TV Show,2021,2021.0
Surviving Death,1.0,1.0,Docuseries,United States,TV Show,2021,2021.0
Pretend It's a City,1.0,1.0,,,TV Show,2021,2021.0
Night Stalker: The Hunt For a Serial Killer,1.0,1.0,,,TV Show,2021,2021.0
Spycraft,1.0,1.0,,United States,TV Show,2021,2021.0
We Are: The Brooklyn Saints,1.0,1.0,,United States,TV Show,2021,2021.0
Crime Scene: The Vanishing at the Cecil Hotel,1.0,1.0,,United States,TV Show,2021,2021.0
Amend: The Fight for America,1.0,1.0,,United States,TV Show,2021,2021.0
Murder Among the Mormons,1.0,1.0,,United States,TV Show,2021,2021.0
Nevenka: Breaking the Silence,1.0,1.0,,Spain,TV Show,2021,2021.0
The Houseboat,1.0,1.0,,Germany,TV Show,2021,2021.0
Last Chance U: Basketball,2.0,0.0,,,TV Show,2021,2022.0
The Lost Pirate Kingdom,1.0,1.0,,"United States, United Kingdom",TV Show,2021,2021.0
Worn Stories,1.0,1.0,,United States,TV Show,2021,2021.0
This Is a Robbery: The World's Biggest Art Heist,1.0,1.0,,,TV Show,2021,2021.0
My Love: Six Stories of True Love,1.0,1.0,,"United States, Brazil, Japan, Spain, India",TV Show,2021,2021.0
Headspace Guide to Sleep,1.0,1.0,,,TV Show,2021,2021.0
The Sons of Sam: A Descent Into Darkness,1.0,1.0,,,TV Show,2021,2021.0
"Money, Explained",1.0,1.0,,United States,TV Show,2021,2021.0
Penguin Town,1.0,1.0,,,TV Show,2021,2021.0
Sophie: A Murder in West Cork,1.0,1.0,,,TV Show,2021,2021.0
Cat People,1.0,1.0,,,TV Show,2021,2021.0
Elize Matsunaga: Once Upon a Crime,1.0,1.0,,,TV Show,2021,2021.0
How to Become a Tyrant,1.0,1.0,,,TV Show,2021,2021.0
Heist,1.0,1.0,,,TV Show,2021,2021.0
Naomi Osaka,1.0,1.0,,,TV Show,2021,2021.0
Myth & Mogul: John DeLorean,1.0,1.0,,,TV Show,2021,2021.0
Cocaine Cowboys: The Kings of Miami,1.0,1.0,,United States,TV Show,2021,2021.0
John of God: The Crimes of a Spiritual Healer,1.0,1.0,,,TV Show,2021,2021.0
Turning Point: 9/11 and the War on Terror,1.0,1.0,,,TV Show,2021,2021.0
Countdown: Inspiration4 Mission to Space,5.0,0.0,,,TV Show,2021,2021.0
Crime Stories: India Detectives,1.0,1.0,,,TV Show,2021,2021.0
Monsters Inside: The 24 Faces of Billy Milligan,1.0,1.0,,,TV Show,2021,2021.0
"Vendetta: Truth, Lies and The Mafia",1.0,1.0,,,TV Show,2021,2021.0
A Sinister Sect: Colonia Dignidad,1.0,1.0,,,TV Show,2021,2021.0
Bad Sport,1.0,1.0,,,TV Show,2021,2021.0
House of Secrets: The Burari Deaths,1.0,1.0,,,TV Show,2021,2021.0
The Raincoat Killer: Chasing a Predator in Korea,1.0,1.0,,,TV Show,2021,2021.0
The Motive,1.0,1.0,Comedies,"Spain, Mexico, Spain","TV Show, Movie",2021,2021.0
Where is Marta?,1.0,1.0,,,TV Show,2021,2021.0
Your Life is a Joke,1.0,1.0,,,TV Show,2021,2021.0
Animal,2.0,0.0,,,TV Show,2021,2022.0
Reasonable Doubt: A Tale of Two Kidnappings,1.0,1.0,,,TV Show,2021,2021.0
Dig Deeper: The Disappearance of Birgit Meier,1.0,1.0,,,TV Show,2021,2021.0
Voir,1.0,1.0,,,TV Show,2021,2021.0
Tiger King: The Doc Antle Story,1.0,1.0,,,TV Show,2021,2021.0
Stories of a Generation Ã¢ÂÂ with Pope Francis,1.0,1.0,,,TV Show,2021,2021.0
Crime Scene: The Times Square Killer,1.0,1.0,,,TV Show,2021,2021.0
The Puppet Master: Hunting the Ultimate Conman,1.0,1.0,,,TV Show,2022,2022.0
Heavenly Bites: Mexico,1.0,1.0,,,TV Show,2022,2022.0
Midnight Asia: Eat. Dance. Dream.,1.0,1.0,,,TV Show,2022,2022.0
Neymar: The Perfect Chaos,1.0,1.0,,,TV Show,2022,2022.0
Jeen-Yuhs: A Kanye Trilogy,3.0,0.0,,,TV Show,2022,2022.0
Race: Bubba Wallace,1.0,1.0,,,TV Show,2022,2022.0
Worst Roommate Ever,1.0,1.0,,,TV Show,2022,2022.0
The Andy Warhol Diaries,1.0,1.0,,,TV Show,2022,2022.0
Bad Vegan: Fame. Fraud. Fugitives.,1.0,1.0,,,TV Show,2022,2022.0
The Great Robbery of Brazil's Central Bank,1.0,1.0,,,TV Show,2022,2022.0
The Principles of Pleasure,1.0,1.0,,,TV Show,2022,2022.0
800 Meters,1.0,1.0,,,TV Show,2022,2022.0
Johnny Hallyday: Beyond Rock,1.0,1.0,,,TV Show,2022,2022.0
Jimmy Savile: A British Horror Story,1.0,1.0,,,TV Show,2022,2022.0
Senzo: Murder of a Soccer Star,1.0,1.0,,,TV Show,2022,2022.0
Our Great National Parks,1.0,1.0,,,TV Show,2022,2022.0
Conversations with a Killer: The John Wayne Gacy Tapes,1.0,1.0,,,TV Show,2022,2022.0
Meltdown:Three Mile Island,1.0,1.0,,,TV Show,2022,2022.0
Wild Babies,1.0,1.0,,,TV Show,2022,2022.0
The G Word withAdam Conover,1.0,1.0,,,TV Show,2022,2022.0
Mr. Good: Cop or Crook?,1.0,1.0,,,TV Show,2022,2022.0
Keep Sweet: Pray and Obey,1.0,1.0,,,TV Show,2022,2022.0
"Web of Make Believe: Death, Lies and the Internet",1.0,1.0,,,TV Show,2022,2022.0
The Future Of,1.0,0.0,,,TV Show,2022,2022.0
The Hidden Lives of Pets,1.0,1.0,,,TV Show,2022,2022.0
How to Change Your Mind,1.0,1.0,,,TV Show,2022,2022.0
D. B. Cooper: Where Are You?!,1.0,1.0,,,TV Show,2022,2022.0
Indian Predator: The Butcher of Delhi,1.0,1.0,,,TV Show,2022,2022.0
Street Food: USA,1.0,1.0,,,TV Show,2022,2022.0
The Most Hated Man on the Internet,1.0,1.0,,,TV Show,2022,2022.0
Trainwreck:Woodstock '99,1.0,1.0,,,TV Show,2022,2022.0
I Just Killed My Dad,1.0,1.0,,,TV Show,2022,2022.0
Untold: The Girlfriend Who Didn't Exist,1.0,1.0,,,TV Show,2022,2022.0
A Kidnapping Scandal: The Florence Cassez Affair,1.0,1.0,,,TV Show,2022,2022.0
Club AmÃÂ©rica vs Club AmÃÂ©rica,1.0,1.0,,,TV Show,2022,2022.0
Chef's Table: Pizza,1.0,1.0,,,TV Show,2022,2022.0
Indian Predator: The Diary of a Serial Killer,1.0,1.0,,,TV Show,2022,2022.0
Sins of Our Mother,1.0,1.0,,,TV Show,2022,2022.0
Terim,1.0,1.0,,,TV Show,2022,2022.0
Fortune Seller: A TV Scam,1.0,1.0,,,TV Show,2022,2022.0
The Real Bling Ring: Hollywood Heist,1.0,1.0,,,TV Show,2022,2022.0
Eat the Rich: TheGameStopSaga,1.0,1.0,,,TV Show,2022,2022.0
Human Playground,1.0,1.0,,,TV Show,2022,2022.0
Aftershock: Everest and theNepal Earthquake,1.0,1.0,,,TV Show,2022,2022.0
Conversations with a Killer: The Jeffrey Dahmer Tapes,1.0,1.0,,,TV Show,2022,2022.0
Island of the Sea Wolves,1.0,1.0,,,TV Show,2022,2022.0
Sue Perkins: Perfectly Legal,1.0,1.0,,,TV Show,2022,2022.0
Take 1,1.0,1.0,,,TV Show,2022,2022.0
Vatican Girl: The Disappearance ofEmanuela Orlandi,1.0,1.0,,,TV Show,2022,2022.0
Earthstorm,1.0,1.0,,,TV Show,2022,2022.0
Indian Predator: Murder in a Courtroom,1.0,1.0,,,TV Show,2022,2022.0
My Encounter with Evil,1.0,1.0,,,TV Show,2022,2022.0
Killer Sally,1.0,1.0,,,TV Show,2022,2022.0
FIFA Uncovered,1.0,1.0,,,TV Show,2022,2022.0
Ancient Apocalypse,1.0,1.0,,,TV Show,2022,2022.0
"Pepsi, Where's My Jet?",1.0,1.0,,,TV Show,2022,2022.0
Our Universe,1.0,1.0,,,TV Show,2022,2022.0
"Blood, Sex & Royalty",1.0,1.0,,,TV Show,2022,2022.0
Crime Scene: The Texas Killing Fields,1.0,1.0,,,TV Show,2022,2022.0
Harry & Meghan,6.0,0.0,,,TV Show,2022,2022.0
Beast of Bangalore: Indian Predator,1.0,1.0,,,TV Show,2022,2022.0
Live to Lead,1.0,1.0,,,TV Show,2022,2022.0
Madoff: The Monster of Wall Street,1.0,1.0,,,TV Show,2023,2023.0
Gunther's Millions,1.0,1.0,,,TV Show,2023,2023.0
Bill Russell: Legend,1.0,1.0,,,TV Show,2023,2023.0
Murdaugh Murders: A Southern Scandal,1.0,1.0,,,TV Show,2023,2023.0
Monique Olivier: Accessory to Evil,1.0,1.0,,,TV Show,2023,2023.0
MH370: The Plane That Disappeared,1.0,1.0,,,TV Show,2023,2023.0
Waco: American Apocalypse,1.0,1.0,,,TV Show,2023,2023.0
McGregorForever,1.0,1.0,,,TV Show,2023,2023.0
Working: What We Do All Day,1.0,1.0,,,TV Show,2023,2023.0
Arnold,1.0,1.0,,,TV Show,2023,2023.0
Muscles & Mayhem: An Unauthorized Story of American Gladiators,1.0,1.0,,,TV Show,2023,2023.0
The Last Hours of Mario Biondo,1.0,1.0,,,TV Show,2023,2023.0
Ladies First: A Story of Women in Hip-Hop,1.0,1.0,,,TV Show,2023,2023.0
Untold: Swamp Kings,1.0,1.0,,,TV Show,2023,2023.0
White Rabbit Project,1.0,1.0,Docuseries,United States,TV Show,2016,2016.0
Chasing Cameron,1.0,1.0,Reality TV,United States,TV Show,2016,2016.0
Ultimate Beastmaster,3.0,0.0,Reality TV,"United States, Brazil, South Korea, Mexico, Japan, Germany, United States",TV Show,2017,2018.0
Nailed It!,7.0,0.0,,,TV Show,2018,2022.0
Fastest Car,2.0,0.0,Reality TV,United States,TV Show,2018,2019.0
Cooking on High,1.0,1.0,Reality TV,United States,TV Show,2018,2018.0
Sugar Rush,3.0,0.0,Reality TV,United States,TV Show,2018,2020.0
Amazing Interiors,1.0,1.0,British TV,United Kingdom,TV Show,2018,2018.0
Magic for Humans,3.0,0.0,Reality TV,United States,TV Show,2018,2020.0
Stay Here,1.0,1.0,Reality TV,United States,TV Show,2018,2018.0
Battlefish,1.0,1.0,Reality TV,,TV Show,2018,2018.0
Made in Mexico,1.0,1.0,International TV,United States,TV Show,2018,2018.0
Dancing Queen,1.0,1.0,Reality TV,,TV Show,2018,2018.0
Haunted,3.0,0.0,Reality TV,"United States, Czech Republic, United States",TV Show,2018,2021.0
Westside,1.0,1.0,Reality TV,United States,TV Show,2018,2018.0
The Final Table,1.0,1.0,Reality TV,United States,TV Show,2018,2018.0
Death by Magic,1.0,1.0,Reality TV,United States,TV Show,2018,2018.0
Tidying Up with Marie Kondo,1.0,1.0,Reality TV,United States,TV Show,2019,2019.0
Nailed It! Mexico,3.0,0.0,International TV,"Mexico, United States, Mexico",TV Show,2019,2021.0
Dating Around,2.0,0.0,Reality TV,,TV Show,2019,2020.0
You vs. Wild,1.0,1.0,Kids,United States,TV Show,2019,2019.0
Flinch,1.0,1.0,Reality TV,United Kingdom,TV Show,2019,2019.0
Jailbirds,1.0,1.0,Reality TV,,TV Show,2019,2019.0
Awake: The Million Dollar Game,1.0,1.0,Reality TV,United States,TV Show,2019,2019.0
Extreme Engagement,1.0,1.0,International TV,,TV Show,2019,2019.0
Basketball or Nothing,1.0,1.0,Docuseries,United States,TV Show,2019,2019.0
Hyperdrive,1.0,1.0,Reality TV,United States,TV Show,2019,2019.0
Styling Hollywood,1.0,1.0,Reality TV,,TV Show,2019,2019.0
Nailed It! France,1.0,1.0,International TV,France,TV Show,2019,2019.0
Nailed It! Spain,1.0,1.0,International TV,Spain,TV Show,2019,2019.0
Prank Encounters,2.0,0.0,Reality TV,United States,TV Show,2019,2021.0
I'm with the Band: Nasty Cherry,1.0,1.0,Reality TV,United States,TV Show,2019,2019.0
No Time for Shame,1.0,1.0,International TV,Argentina,TV Show,2019,2019.0
Singapore Social,1.0,1.0,International TV,"Singapore, United States, Singapore",TV Show,2019,2019.0
Sugar Rush Christmas,2.0,0.0,Reality TV,United States,TV Show,2019,2020.0
Until Dawn,1.0,1.0,International TV,France,TV Show,2020,2020.0
Nailed It! Germany,1.0,1.0,International TV,Germany,TV Show,2020,2020.0
The Goop Lab with Gwyneth Paltrow,1.0,1.0,,,TV Show,2020,2020.0
What the Love! with Karan Johar,1.0,1.0,International TV,United States,TV Show,2020,2020.0
The Circle Brazil,1.0,1.0,International TV,"Brazil, United Kingdom, Brazil",TV Show,2020,2020.0
100 Humans,1.0,1.0,Docuseries,United States,TV Show,2020,2020.0
The Circle France,1.0,1.0,International TV,,TV Show,2020,2020.0
Cooked with Cannabis,1.0,1.0,Reality TV,United States,TV Show,2020,2020.0
The Big Flower Fight,1.0,1.0,British TV,United Kingdom,TV Show,2020,2020.0
Floor Is Lava,3.0,0.0,Reality TV,United States,TV Show,2020,2022.0
Twogether,1.0,1.0,International TV,South Korea,TV Show,2020,2020.0
Say I Do,1.0,1.0,Reality TV,United States,TV Show,2020,2020.0
Southern Survival,1.0,1.0,Reality TV,United States,TV Show,2020,2020.0
Dating Around: Brazil,1.0,1.0,International TV,Brazil,TV Show,2020,2020.0
Skin Decision: Before and After,1.0,1.0,Reality TV,United States,TV Show,2020,2020.0
Sing On! Spain,1.0,1.0,International TV,Spain,TV Show,2020,2020.0
Sing On! Germany,1.0,1.0,International TV,Germany,TV Show,2020,2020.0
(Un)well,1.0,1.0,,,TV Show,2020,2020.0
DeMarcus Family Rules,1.0,1.0,Reality TV,United States,TV Show,2020,2020.0
Million Dollar Beach House,1.0,1.0,Reality TV,United States,TV Show,2020,2020.0
Get Organized with The Home Edit,2.0,0.0,Reality TV,United States,TV Show,2020,2022.0
Sing On!,1.0,1.0,Reality TV,United States,TV Show,2020,2020.0
The Cabin with Bert Kreischer,1.0,1.0,Reality TV,United States,TV Show,2020,2020.0
Dream Home Makeover,4.0,0.0,Reality TV,United States,TV Show,2020,2022.0
Country Ever After,1.0,1.0,Reality TV,United States,TV Show,2020,2020.0
A Queen Is Born,1.0,1.0,International TV,Brazil,TV Show,2020,2020.0
We Are the Champions,1.0,1.0,Docuseries,United States,TV Show,2020,2020.0
Holiday Home Makeover with Mr. Christmas,1.0,1.0,Reality TV,United States,TV Show,2020,2020.0
Best Leftovers Ever!,1.0,1.0,Reality TV,United States,TV Show,2020,2020.0
Bling Empire,3.0,0.0,Reality TV,United States,TV Show,2021,2022.0
Buried by the Bernards,1.0,1.0,,United States,TV Show,2021,2021.0
The Big Day,2.0,0.0,,India,TV Show,2021,2021.0
Canine Intervention,1.0,1.0,,United States,TV Show,2021,2021.0
Marriage or Mortgage,1.0,1.0,,,TV Show,2021,2021.0
Magic for HumansSpain,1.0,1.0,,,TV Show,2021,2021.0
Haunted: Latin America,1.0,1.0,,"United States, Mexico",TV Show,2021,2021.0
The Wedding Coach,1.0,1.0,,,TV Show,2021,2021.0
Pet Stars,1.0,1.0,,,TV Show,2021,2021.0
"Fresh, Fried and Crispy",1.0,1.0,,,TV Show,2021,2021.0
World's Most Amazing Vacation Rentals,2.0,0.0,,,TV Show,2021,2021.0
My Unorthodox Life,2.0,0.0,,,TV Show,2021,2022.0
Too Hot to Handle: Brazil,2.0,0.0,,,TV Show,2021,2022.0
Tattoo Redo,1.0,1.0,,,TV Show,2021,2021.0
Cooking with Paris,1.0,1.0,,,TV Show,2021,2021.0
Motel Makeover,1.0,1.0,,,TV Show,2021,2021.0
Titletown High,1.0,1.0,,,TV Show,2021,2021.0
Sparking Joy,1.0,1.0,,United States,TV Show,2021,2021.0
How to Be a Cowboy,1.0,1.0,,,TV Show,2021,2021.0
Metal Shop Masters,1.0,1.0,,,TV Show,2021,2021.0
Too Hot to Handle: Latino,1.0,0.0,,,TV Show,2021,2021.0
Jailbirds: New Orleans,1.0,1.0,,,TV Show,2021,2021.0
Baking Impossible,1.0,0.0,,,TV Show,2021,2021.0
Insiders,2.0,0.0,,,TV Show,2021,2022.0
"Sex, Love & goop",1.0,1.0,,,TV Show,2021,2021.0
Swap Shop,2.0,0.0,,,TV Show,2021,2022.0
Love Never Lies,1.0,0.0,,,TV Show,2021,2021.0
New World,1.0,0.0,,,TV Show,2021,2021.0
The Fastest,1.0,1.0,,,TV Show,2021,2021.0
School of Chocolate,1.0,1.0,,,TV Show,2021,2021.0
Coming Out Colton,1.0,1.0,,,TV Show,2021,2021.0
The Family That Sings Together: The Camargos,1.0,1.0,,,TV Show,2021,2021.0
Twentysomethings: Austin,1.0,0.0,,,TV Show,2021,2021.0
The Hungry and the Hairy,1.0,1.0,,,TV Show,2021,2021.0
The Future Diary,2.0,0.0,,,TV Show,2021,2022.0
Selling Tampa,1.0,1.0,,,TV Show,2021,2021.0
Hype House,1.0,1.0,,,TV Show,2022,2022.0
Getting Curious withJonathan Van Ness,1.0,1.0,,,TV Show,2022,2022.0
Love Is Blind: Japan,1.0,1.0,,,TV Show,2022,2022.0
The Big Shot Game Show,1.0,1.0,,,TV Show,2022,2022.0
Making Fun,1.0,1.0,,,TV Show,2022,2022.0
Byron Baes,1.0,1.0,,,TV Show,2022,2022.0
Queer Eye: Germany,1.0,1.0,,,TV Show,2022,2022.0
Life After Death withTyler Henry,1.0,1.0,,,TV Show,2022,2022.0
Bullsh*t The Game Show,1.0,1.0,,,TV Show,2022,2022.0
Iron Chef: Quest for an Iron Legend,1.0,1.0,,,TV Show,2022,2022.0
Snowflake Mountain,1.0,1.0,,,TV Show,2022,2022.0
First Class,1.0,1.0,,,TV Show,2022,2022.0
Pirate Gold of Adak Island,1.0,1.0,,,TV Show,2022,2022.0
How to Build a Sex Room,1.0,1.0,,,TV Show,2022,2022.0
Lady Tamara,1.0,1.0,,,TV Show,2022,2022.0
Instant Dream Home,1.0,1.0,,,TV Show,2022,2022.0
Iron Chef Brazil,1.0,1.0,,,TV Show,2022,2022.0
Queer Eye: Brazil,1.0,1.0,,,TV Show,2022,2022.0
Drive Hard: The Maloof Way,1.0,1.0,,,TV Show,2022,2022.0
Buy My House,1.0,1.0,,,TV Show,2022,2022.0
Dated & Related,1.0,1.0,,,TV Show,2022,2022.0
Who Likes My Follower?,1.0,1.0,,,TV Show,2022,2022.0
Designing Miami,1.0,1.0,,,TV Show,2022,2022.0
Iron Chef Mexico,1.0,1.0,,,TV Show,2022,2022.0
Forever Queens,1.0,1.0,,,TV Show,2022,2022.0
Easy-Bake Battle: The Home Cooking Competition,1.0,1.0,,,TV Show,2022,2022.0
28 Days Haunted,1.0,1.0,,,TV Show,2022,2022.0
Drink Masters,1.0,1.0,,,TV Show,2022,2022.0
Love Never Lies: Destination Sardinia,1.0,1.0,,,TV Show,2022,2022.0
Run for the Money,1.0,1.0,,,TV Show,2022,2022.0
Mind Your Manners,1.0,1.0,,,TV Show,2022,2022.0
Korea No.1,1.0,1.0,,,TV Show,2022,2022.0
Snack vs. Chef,1.0,1.0,,,TV Show,2022,2022.0
Cook at All Costs,1.0,1.0,,,TV Show,2022,2022.0
Dance Monsters,1.0,1.0,,,TV Show,2022,2022.0
Summer Job,1.0,1.0,,,TV Show,2022,2022.0
PiÃÂ±ata Masters,1.0,1.0,,,TV Show,2022,2022.0
The Ultimatum: France,1.0,0.0,,,TV Show,2022,2023.0
Bling Empire: New York,1.0,1.0,,,TV Show,2023,2023.0
Chelsea,2.0,0.0,Stand-Up,United States,TV Show,2016,2017.0
Bill Nye Saves the World,3.0,0.0,Stand-Up,United States,TV Show,2017,2018.0
My Next Guest Needs No Introduction with David Letterman,4.0,0.0,,,TV Show,2018,2022.0
The Joel McHale Show with Joel McHale,1.0,0.0,Stand-Up,United States,TV Show,2018,2018.0
A Little Help with Carol Burnett,1.0,1.0,Stand-Up,United States,TV Show,2018,2018.0
Busted!,3.0,0.0,Crime TV,South Korea,TV Show,2018,2021.0
The Break with Michelle Wolf,1.0,0.0,Stand-Up,United States,TV Show,2018,2018.0
Norm Macdonald Has a Show,1.0,1.0,Stand-Up,United States,TV Show,2018,2018.0
The Curious Creations of Christine McConnell,1.0,1.0,TV Comedies,United States,TV Show,2018,2018.0
Patriot Act with Hasan Minhaj,6.0,0.0,Stand-Up,United States,TV Show,2018,2020.0
The Fix,1.0,1.0,TV Comedies,United States,TV Show,2018,2018.0
J-Style Trip,1.0,0.0,International TV,"Taiwan, China, Taiwan",TV Show,2020,2020.0
Frank Elstner: Just One Last Question,1.0,1.0,International TV,Germany,TV Show,2020,2020.0
Paik's Spirit,1.0,1.0,,,TV Show,2021,2021.0
AzcÃÂ¡rate: No Holds Barred,1.0,1.0,,,TV Show,2021,2021.0
Alessandro Cattelan: One Simple Question,1.0,1.0,,,TV Show,2022,2022.0
Fall in Love with Vinyasa,1.0,1.0,,,TV Show,2022,2022.0
Feel-Good Fitness,1.0,1.0,,,TV Show,2022,2022.0
Hit & Strength with Tara,1.0,1.0,,,TV Show,2022,2022.0
Kickstart Fitness with the Basics,1.0,1.0,,,TV Show,2022,2022.0
Two Weeks to a Stronger Core,1.0,1.0,,,TV Show,2022,2022.0
Lilyhammer,3.0,0.0,Crime TV,"Norway, United States, Norway",TV Show,2012,2014.0
Between,2.0,0.0,International TV,Canada,TV Show,2015,2016.0
Terrace House: Boys & Girls in the City,2.0,0.0,International TV,Japan,TV Show,2015,2016.0
Atelier,1.0,1.0,International TV,Japan,TV Show,2015,2015.0
Good Morning Call,2.0,0.0,International TV,Japan,TV Show,2016,2017.0
The Last Kingdom(season 2),1.0,1.0,,,TV Show,2016,2016.0
Terrace House: Aloha State,4.0,0.0,International TV,"United States, Japan, United States",TV Show,2016,2017.0
Dirk Gently's Holistic Detective Agency,2.0,0.0,,,TV Show,2016,2017.0
Crazyhead,1.0,1.0,British TV,United Kingdom,TV Show,2016,2016.0
Travelers(seasons 1Ã¢ÂÂ2),2.0,0.0,,,TV Show,2016,2017.0
Frontier,3.0,0.0,International TV,Canada,TV Show,2017,2018.0
Anne with an E,3.0,0.0,International TV,Canada,TV Show,2017,2020.0
El Chapo,3.0,0.0,Crime TV,"Mexico, United States, Mexico",TV Show,2017,2018.0
Kantaro: The Sweet Tooth Salaryman,1.0,1.0,International TV,Japan,TV Show,2017,2017.0
The Worst Witch,4.0,0.0,British TV,"United Kingdom, Germany, United Kingdom",TV Show,2017,2020.0
Million Yen Women,1.0,1.0,Crime TV,Japan,TV Show,2017,2017.0
Re:Mind,1.0,1.0,International TV,Japan,TV Show,2017,2017.0
Ainori Love Wagon: Asian Journey,2.0,0.0,International TV,Japan,TV Show,2017,2019.0
Alias Grace,1.0,1.0,Crime TV,Canada,TV Show,2017,2017.0
Glitch(seasons 2Ã¢ÂÂ3),2.0,0.0,,,TV Show,2017,2019.0
Terrace House: Opening New Doors,6.0,0.0,International TV,Japan,TV Show,2017,2019.0
The End of the F***ing World,2.0,0.0,British TV,United Kingdom,TV Show,2018,2019.0
Mob Psycho 100,1.0,1.0,International TV,Japan,TV Show,2018,2018.0
Collateral,1.0,1.0,British TV,"United Kingdom, United States, United Kingdom",TV Show,2018,2018.0
Requiem,1.0,1.0,British TV,United Kingdom,TV Show,2018,2018.0
Troy: Fall of a City,1.0,1.0,,,TV Show,2018,2018.0
The Letdown,2.0,0.0,International TV,Australia,TV Show,2018,2019.0
The New Legends of Monkey,2.0,0.0,Kids,"Australia, New Zealand, Australia",TV Show,2018,2020.0
Safe,1.0,1.0,British TV,United Kingdom,TV Show,2018,2018.0
Kiss Me First,1.0,1.0,British TV,"United Kingdom, United States, United Kingdom",TV Show,2018,2018.0
I Am a Killer,4.0,0.0,,,TV Show,2018,2022.0
Wanderlust,1.0,1.0,British TV,United Kingdom,TV Show,2018,2018.0
Pine Gap,1.0,1.0,International TV,Australia,TV Show,2018,2018.0
Perfume,1.0,1.0,Crime TV,Germany,TV Show,2018,2018.0
Watership Down,1.0,1.0,British TV,"United Kingdom, Ireland, United States, United Kingdom",TV Show,2018,2018.0
Black Earth Rising,1.0,1.0,British TV,United Kingdom,TV Show,2019,2019.0
Nightflyers,1.0,1.0,TV Horror,United States,TV Show,2019,2019.0
Northern Rescue,1.0,1.0,TV Dramas,Canada,TV Show,2019,2019.0
Traitors,1.0,1.0,British TV,United Kingdom,TV Show,2019,2019.0
Tijuana,1.0,1.0,Crime TV,Mexico,TV Show,2019,2019.0
Undercover,3.0,0.0,Crime TV,"Belgium, Netherlands, Belgium",TV Show,2019,2022.0
Terrace House: Tokyo 2019Ã¢ÂÂ2020,4.0,0.0,,,TV Show,2019,2020.0
Ainori Love Wagon: African Journey,1.0,1.0,International TV,Japan,TV Show,2019,2019.0
The Spy,1.0,1.0,International TV,France,TV Show,2019,2019.0
Drug Squad: Costa del Sol,1.0,1.0,Crime TV,Spain,TV Show,2019,2019.0
Zumbo's Just Desserts(season 2),1.0,1.0,,,TV Show,2019,2019.0
The Bonfire of Destiny,1.0,1.0,International TV,France,TV Show,2019,2019.0
Dracula,1.0,1.0,British TV,United Kingdom,TV Show,2020,2020.0
Giri/Haji,1.0,1.0,,,TV Show,2020,2020.0
The Valhalla Murders,1.0,1.0,Crime TV,Iceland,TV Show,2020,2020.0
Feel Good,2.0,0.0,Romantic TV,United Kingdom,TV Show,2020,2021.0
Freud,1.0,1.0,Crime TV,"Austria, Germany, Austria",TV Show,2020,2020.0
The Last Dance,1.0,0.0,Docuseries,United States,TV Show,2020,2020.0
Crazy Delicious,1.0,1.0,British TV,United Kingdom,TV Show,2020,2020.0
Alien TV,2.0,0.0,Kids,,TV Show,2020,2021.0
I Am a Killer: Released,1.0,1.0,,,TV Show,2020,2020.0
Detention,1.0,0.0,International TV,Taiwan,TV Show,2020,2020.0
Under Suspicion: Uncovering the Wesphael Case,1.0,1.0,,Belgium,TV Show,2021,2021.0
The Serpent,1.0,1.0,,,TV Show,2021,2021.0
Life in Colour with David Attenborough,1.0,1.0,,,TV Show,2021,2021.0
Dive Club,1.0,1.0,,Australia,TV Show,2021,2021.0
On the Verge,1.0,1.0,,"France, United States",TV Show,2021,2021.0
Soil,1.0,1.0,,,TV Show,2022,2022.0
BorgenÃ¢ÂÂ Power & Glory,1.0,1.0,,,TV Show,2022,2022.0
He's Expecting,1.0,1.0,,,TV Show,2022,2022.0
The Perfect Mother,1.0,1.0,,,TV Show,2022,2022.0
You Don't Know Me,1.0,1.0,,,TV Show,2022,2022.0
Fakes,1.0,1.0,,,TV Show,2022,2022.0
Entrapped,1.0,1.0,,,TV Show,2022,2022.0
I Am a Stalker,1.0,1.0,,,TV Show,2022,2022.0
Inside Man,1.0,1.0,,,TV Show,2022,2022.0
Reign Supreme,1.0,1.0,,,TV Show,2022,2022.0
Irreverent,1.0,1.0,,,TV Show,2022,2022.0
Don't Pick Up the Phone,1.0,1.0,,,TV Show,2022,2022.0
Woman of the Dead,1.0,1.0,,,TV Show,2023,2023.0
Cunk on Earth,1.0,1.0,,,TV Show,2023,2023.0
Trailer Park Boys(seasons 8Ã¢ÂÂ12),5.0,0.0,,,TV Show,2014,2018.0
Lovesick(seasons 2Ã¢ÂÂ3),2.0,0.0,,,TV Show,2016,2018.0
The Staircase(episodes 11Ã¢ÂÂ13),1.0,1.0,,,TV Show,2018,2018.0
Paquita Salas(seasons 2Ã¢ÂÂ3),2.0,0.0,,,TV Show,2018,2019.0
Comedians in Cars Getting Coffee(seasons 10Ã¢ÂÂ11),2.0,0.0,,,TV Show,2018,2019.0
MeatEater(seasons 7Ã¢ÂÂ10),4.0,0.0,,,TV Show,2018,2022.0
Little Things(seasons 2Ã¢ÂÂ4),3.0,0.0,,,TV Show,2018,2021.0
Hip-Hop Evolution(seasons 2Ã¢ÂÂ4),3.0,0.0,,,TV Show,2018,2020.0
The Last Kingdom(seasons 3Ã¢ÂÂ5),3.0,0.0,,,TV Show,2018,2022.0
Travelers(season 3),1.0,1.0,,,TV Show,2018,2018.0
Slasher(season 3),1.0,1.0,,,TV Show,2019,2019.0
Designated Survivor(season 3),1.0,1.0,,,TV Show,2019,2019.0
Money Heist(parts 3Ã¢ÂÂ5),3.0,0.0,,,TV Show,2019,2021.0
QB1: Beyond the Lights(season 3),1.0,1.0,,,TV Show,2019,2019.0
Unsolved Mysteries(seasons 15Ã¢ÂÂ16),3.0,0.0,,,TV Show,2020,2022.0
Blown Away(seasons 2Ã¢ÂÂ3),2.0,0.0,,,TV Show,2021,2022.0
Girl from Nowhere(season 2),1.0,1.0,,,TV Show,2021,2021.0
The A List(season 2),1.0,1.0,,,TV Show,2021,2021.0
Sexy Beasts(seasons 2Ã¢ÂÂ3),2.0,0.0,,,TV Show,2021,2021.0
Takki(season 3),1.0,1.0,,,TV Show,2021,2021.0
El Marginal(seasons 4Ã¢ÂÂ5),2.0,0.0,,,TV Show,2022,2022.0
Tiger & Bunny(season 2),1.0,0.0,,,TV Show,2022,2022.0
Manifest(season 4),1.0,0.0,,,TV Show,2022,2023.0
Trailer Park Boys: Swearnet Live,1.0,1.0,,,TV Show,2014,2014.0
Trailer Park Boys: Live at the North Pole,1.0,1.0,,,TV Show,2014,2014.0
BoJack HorsemanChristmas Special: Sabrina's Christmas Wish,1.0,1.0,,,TV Show,2014,2014.0
Sense8: Creating the World,1.0,1.0,,,TV Show,2015,2015.0
"Trailer Park Boys: Drunk, High and Unemployed Live in Austin",1.0,1.0,,,TV Show,2015,2015.0
Marco Polo: One Hundred Eyes,1.0,1.0,Uncategorized,United States,"TV Show, Movie",2015,2015.0
Puss in Book: Trapped in an Epic Tale,1.0,1.0,Children,United States,"TV Show, Movie",2017,2017.0
Buddy Thunderstruck: The Maybe Pile,1.0,1.0,Uncategorized,United States,"TV Show, Movie",2017,2017.0
DreamWorks Home: For the Holidays,1.0,1.0,Children,United States,"TV Show, Movie",2017,2017.0
A StoryBots Christmas,1.0,1.0,Children,United States,"TV Show, Movie",2017,2017.0
Stretch Armstrong: The Breakout,1.0,1.0,Children,United States,"TV Show, Movie",2018,2018.0
Super MonstersSave Halloween,1.0,1.0,,,TV Show,2018,2018.0
"Club de CuervosPresents: I, Potro",1.0,1.0,,,TV Show,2018,2018.0
Free Rein: The Twelve Neighs of Christmas,1.0,1.0,Children,,"TV Show, Movie",2018,2018.0
Super Monstersand the Wish Star,1.0,1.0,,,TV Show,2018,2018.0
Prince of Peoria: A Christmas Moose Miracle,1.0,1.0,Children,United States,"TV Show, Movie",2018,2018.0
Aggretsuko: We Wish You a Metal Christmas,1.0,1.0,Uncategorized,Japan,"TV Show, Movie",2018,2018.0
Black Mirror: Bandersnatch,1.0,1.0,Dramas,United States,"TV Show, Movie",2018,2018.0
Free Rein: Valentine's Day,1.0,1.0,Children,United States,"TV Show, Movie",2019,2019.0
True: Happy Hearts Day,1.0,1.0,Children,"United States, Canada, United States","TV Show, Movie",2019,2019.0
Super Monsters Furever Friends,1.0,1.0,Children,,"TV Show, Movie",2019,2019.0
Malibu Rescue,1.0,1.0,Children,United States,"TV Show, Movie",2019,2019.0
Oprah WinfreyPresentsWhen They See UsNow,1.0,1.0,,,TV Show,2019,2019.0
Our Planet - Behind the Scenes,1.0,1.0,,,TV Show,2019,2019.0
The Crystal Calls Ã¢ÂÂ Making The Dark Crystal: Age of Resistance,1.0,1.0,,,TV Show,2019,2019.0
Super MonstersBack to School,1.0,1.0,,,TV Show,2019,2019.0
True: Tricky Treat Day,1.0,1.0,Children,Canada,"TV Show, Movie",2019,2019.0
Super Monsters: Vida's First Halloween,1.0,1.0,Children,United States,"TV Show, Movie",2019,2019.0
The Spooky Tale ofCaptain UnderpantsHack-a-Ween,1.0,1.0,,,TV Show,2019,2019.0
My Next Guest with David Letterman and Shah Rukh Khan,1.0,1.0,International Movies,,"TV Show, Movie",2019,2019.0
The House of Flowers Presents: The Funeral,1.0,1.0,Uncategorized,,"TV Show, Movie",2019,2019.0
True: Grabbleapple Harvest,1.0,1.0,Children,Canada,"TV Show, Movie",2019,2019.0
GO!The Unforgettable Party,1.0,1.0,,,TV Show,2019,2019.0
Super MonstersSave Christmas,1.0,1.0,,,TV Show,2019,2019.0
True: Winter Wishes,1.0,1.0,Children,,"TV Show, Movie",2019,2019.0
Spirit Riding Free: The Spirit of Christmas,1.0,1.0,,,TV Show,2019,2019.0
AFamily ReunionChristmas,1.0,1.0,,,TV Show,2019,2019.0
Jack Whitehall: Christmas with My Father,1.0,1.0,Stand-Up,United Kingdom,"TV Show, Movie",2019,2019.0
Night on Earth: Shot in the Dark,1.0,1.0,Uncategorized,United Kingdom,"TV Show, Movie",2020,2020.0
Captain Underpants: Epic Choice-o-Rama,1.0,1.0,,,TV Show,2020,2020.0
Carmen Sandiego: To Steal or Not to Steal,1.0,1.0,Children,"Canada, United States, Canada","TV Show, Movie",2020,2020.0
Making Unorthodox,1.0,1.0,Documentaries,Germany,"TV Show, Movie",2020,2020.0
Dragons: Rescue Riders: Hunt for the Golden Dragon,1.0,1.0,Children,United States,"TV Show, Movie",2020,2020.0
True: Wuzzle Wegg Day,1.0,1.0,Children,Canada,"TV Show, Movie",2020,2020.0
Money Heist: The Phenomenon,1.0,1.0,Documentaries,Spain,"TV Show, Movie",2020,2020.0
Go! Go! Cory Carson: The Chrissy,1.0,1.0,Children,United States,"TV Show, Movie",2020,2020.0
Unbreakable Kimmy Schmidt: Kimmy vs. the Reverend,1.0,1.0,Comedies,United States,"TV Show, Movie",2020,2020.0
True: Rainbow Rescue,1.0,1.0,Uncategorized,Canada,"TV Show, Movie",2020,2020.0
Dragons: Rescue Riders: Secrets of the Songwing,1.0,1.0,Children,United States,"TV Show, Movie",2020,2020.0
Sugar High,1.0,1.0,Children,United States,"TV Show, Movie",2020,2020.0
Super Monsters: The New Class,1.0,1.0,Children,Canada,"TV Show, Movie",2020,2020.0
AGo! Go! Cory CarsonSummer Camp,1.0,1.0,,,TV Show,2020,2020.0
Malibu Rescue: The Next Wave,1.0,1.0,Children,United States,"TV Show, Movie",2020,2020.0
The Magic School Bus Rides Again: Kids in Space,1.0,1.0,,,TV Show,2020,2020.0
MakingThe Witcher,1.0,1.0,,,TV Show,2020,2020.0
True: Friendship Day,1.0,1.0,Children,Canada,"TV Show, Movie",2020,2020.0
The Boss Baby: Get That Baby!,1.0,1.0,Children,United States,"TV Show, Movie",2020,2020.0
AGo! Go! Cory CarsonHalloween,1.0,1.0,,,TV Show,2020,2020.0
StarBeam: Halloween Hero,1.0,1.0,Children,Canada,"TV Show, Movie",2020,2020.0
Super Monsters: Dia de los Monsters,1.0,1.0,Children,Canada,"TV Show, Movie",2020,2020.0
The Magic School Bus Rides Again: The Frizz Connection,1.0,1.0,,,TV Show,2020,2020.0
Dragons: Rescue Riders: Huttsgalor Holiday,1.0,1.0,Children,United States,"TV Show, Movie",2020,2020.0
AGo! Go! Cory CarsonChristmas,1.0,1.0,,,TV Show,2020,2020.0
Chico Bon Bonand the Very Berry Holiday,1.0,1.0,,,TV Show,2020,2020.0
Captain Underpants: Mega Blissmas,1.0,1.0,,,TV Show,2020,2020.0
Mighty Express: A Mighty Christmas,1.0,1.0,Children,Canada,"TV Show, Movie",2020,2020.0
Spirit Riding Free: Ride Along Adventure,1.0,1.0,Children,United States,"TV Show, Movie",2020,2020.0
Super Monsters: Santa's Super Monster Helpers,1.0,1.0,,,TV Show,2020,2020.0
ATrash TruckChristmas,1.0,1.0,,,TV Show,2020,2020.0
The Netflix Afterparty: The Best Shows of the Worst Year,1.0,1.0,,,TV Show,2020,2020.0
AnUnremarkableChristmas,1.0,1.0,,,TV Show,2020,2020.0
The Magic School Bus Rides Again: In the Zone,1.0,1.0,,,TV Show,2020,2020.0
Cobra Kai- The Afterparty,1.0,1.0,,,TV Show,2021,2021.0
CreatingThe Queen's Gambit,1.0,1.0,,,TV Show,2021,2021.0
Bridgerton- The Afterparty,1.0,1.0,,,TV Show,2021,2021.0
Bling Empire- The Afterparty,1.0,1.0,,,TV Show,2021,2021.0
Animals on the Loose: AYou vs. WildInteractive Movie,1.0,1.0,,,TV Show,2021,2021.0
Fate: The Winx Saga- The Afterparty,1.0,1.0,,,TV Show,2021,2021.0
Ginny & Georgia- The Afterparty,1.0,1.0,,,TV Show,2021,2021.0
The Last Kids on Earth: Happy Apocalypse to You,1.0,1.0,,,"TV Show, Movie",2021,2021.0
Dad Stop Embarrassing Me!- The Afterparty,1.0,1.0,,,TV Show,2021,2021.0
Shadow and Bone- The Afterparty,1.0,1.0,,,TV Show,2021,2021.0
The Circle- The Afterparty,1.0,1.0,,,TV Show,2021,2021.0
The Upshaws- The Afterparty,1.0,1.0,,,TV Show,2021,2021.0
Super Monsters: Once Upon a Rhyme,1.0,1.0,,,"TV Show, Movie",2021,2021.0
TreseAfter Dark,1.0,1.0,,,TV Show,2021,2021.0
Headspace: Unwind Your Mind,1.0,1.0,,,"TV Show, Movie",2021,2021.0
The House of Flowers: The Movie,1.0,1.0,,,"TV Show, Movie",2021,2021.0
Kingdom: Ashin of the North,1.0,1.0,,,"TV Show, Movie",2021,2021.0
You vs. Wild: Out Cold,1.0,1.0,,,"TV Show, Movie",2021,2021.0
AStoryBotsSpace Adventure,1.0,1.0,,,TV Show,2021,2021.0
Go! Go! Cory Carson: Chrissy Takes the Wheel,1.0,1.0,,,"TV Show, Movie",2021,2021.0
MakingThe Billion Dollar Code,1.0,1.0,,,TV Show,2021,2021.0
Sharkdog's Fintastic Halloween,1.0,1.0,,,TV Show,2021,2021.0
Johnny Test's Ultimate Meatloaf Quest,1.0,1.0,,,TV Show,2021,2021.0
Waffles + Mochi's Holiday Feast,1.0,1.0,,,TV Show,2021,2021.0
StarBeam: Beaming in the New Year,1.0,1.0,,,TV Show,2021,2021.0
MakingThe Witcher: Season 2,1.0,1.0,,,TV Show,2021,2021.0
The WitcherBestiary Season 1 Part 1,1.0,1.0,,,TV Show,2021,2021.0
The WitcherBestiary Season 1 Part 2,1.0,1.0,,,TV Show,2021,2021.0
The Witcher: Fireplace,1.0,1.0,,,TV Show,2021,2021.0
The WitcherSeason One Recap: From the Beginning,1.0,1.0,,,TV Show,2021,2021.0
The Witcher: Characters of the Continent,1.0,1.0,,,TV Show,2021,2021.0
Mighty Express: Train Trouble,1.0,1.0,,,TV Show,2022,2022.0
A Farewell toOzark,1.0,1.0,,,TV Show,2022,2022.0
LarvaPendant,1.0,1.0,,,TV Show,2022,2022.0
Mighty Little Bheem: I Love Taj Mahal,1.0,1.0,,,TV Show,2022,2022.0
Ranveervs. Wild withBear Grylls,1.0,1.0,,,TV Show,2022,2022.0
The WitcherBestiary Season 2,1.0,1.0,,,TV Show,2022,2022.0
Jurassic World Camp Cretaceous: Hidden Adventure,1.0,1.0,,,TV Show,2022,2022.0
Making1899,1.0,1.0,,,TV Show,2022,2022.0
TheAction PackSaves Christmas,1.0,1.0,,,TV Show,2022,2022.0
Mighty Express: Mighty Trains Race,1.0,1.0,,,TV Show,2022,2022.0
The Boss Baby: Christmas Bonus,1.0,1.0,,,TV Show,2022,2022.0
My Next Guest with David LettermanandVolodymyr Zelenskyy,1.0,1.0,,,TV Show,2022,2022.0
Who Killed Santa? AMurdervilleMurder Mystery,1.0,1.0,,,TV Show,2022,2022.0
MakingThe Witcher: Blood Origin,1.0,1.0,,,TV Show,2022,2022.0
Copenhagen Cowboy: Nightcall with Nicolas Winding Refn,1.0,1.0,,,TV Show,2023,2023.0
MakingTransatlantic,1.0,1.0,,,TV Show,2023,2023.0
The Last Kingdom: Seven Kings Must Die,1.0,1.0,,,TV Show,2023,2023.0
MakingThe Witcher: Season 3,1.0,1.0,,,TV Show,2023,2023.0
13 Reasons Why: Beyond the Reasons,3.0,0.0,Crime TV,United States,TV Show,2017,2019.0
Beyond Stranger Things,1.0,1.0,Stand-Up,United States,TV Show,2017,2017.0
Dance & Sing with True,1.0,1.0,Kids,,TV Show,2018,2018.0
Super Monsters Monster Party,1.0,1.0,Kids,,TV Show,2018,2018.0
Nailed It! Holiday,2.0,0.0,,,TV Show,2018,2019.0
Super Monsters Monster Pets,1.0,1.0,Kids,United States,TV Show,2019,2019.0
True Tunes,1.0,1.0,Kids,,TV Show,2019,2019.0
Mighty Little Bheem: Diwali,1.0,1.0,Kids,India,TV Show,2019,2019.0
Queer Eye: We're in Japan!,1.0,1.0,International TV,"United States, Japan, United States",TV Show,2019,2019.0
Mighty Little Bheem: Festival of Colors,1.0,1.0,Kids,India,TV Show,2020,2020.0
True: Terrific Tales,1.0,1.0,Kids,Canada,TV Show,2020,2020.0
Word Party Songs,1.0,1.0,Kids,United States,TV Show,2020,2020.0
Game On: A Comedy Crossover Event,1.0,1.0,,,TV Show,2020,2020.0
The Witcher: A Look Inside the Episodes,1.0,1.0,Docuseries,,TV Show,2020,2020.0
Rhyme Time Town Singalongs,1.0,1.0,Kids,United States,TV Show,2020,2020.0
Mighty Little Bheem: Kite Festival,1.0,1.0,Kids,India,TV Show,2021,2021.0
Lava Ka Dhaava,1.0,1.0,,India,TV Show,2021,2021.0
Elite Short Stories: GuzmÃÂ¡n Caye Rebe,1.0,1.0,,,TV Show,2021,2021.0
Elite Short Stories: Nadia GuzmÃÂ¡n,1.0,1.0,,,TV Show,2021,2021.0
Elite Short Stories: Omar Ander Alexis,1.0,1.0,,,TV Show,2021,2021.0
Elite Short Stories: Carla Samuel,1.0,1.0,,,TV Show,2021,2021.0
Revelations: TheMasters of the Universe RevelationAftershow,1.0,0.0,,,TV Show,2021,2021.0
The Ingenuity of theHousehusband,1.0,0.0,,,TV Show,2021,2021.0
Money Heist: From Tokyo to Berlin,2.0,0.0,,,TV Show,2021,2021.0
Blown Away: Christmas,1.0,1.0,,,TV Show,2021,2021.0
Elite Short Stories: Phillipe Caye Felipe,1.0,1.0,,,TV Show,2021,2021.0
Elite Short Stories: Samuel Omar,1.0,1.0,,,TV Show,2021,2021.0
Elite Short Stories: Patrick,1.0,1.0,,,TV Show,2021,2021.0
Karma's World Music Videos,2.0,0.0,,,TV Show,2022,2022.0
Hemlock Grove,3.0,0.0,TV Horror,United States,TV Show,2013,2015.0
Shadow,1.0,1.0,Action,"China, Hong Kong, China","TV Show, Movie",2019,2019.0
Bad Samaritans,1.0,1.0,,,TV Show,2013,2013.0
Turbo Fast,3.0,0.0,,,TV Show,2013,2016.0
VeggieTales in the House,4.0,0.0,Kids,United States,TV Show,2014,2016.0
The Adventures of Puss in Boots,6.0,0.0,Kids,United States,TV Show,2015,2018.0
Dinotrux,5.0,0.0,Kids,United States,TV Show,2015,2017.0
The Mr. Peabody & Sherman Show,4.0,0.0,,,TV Show,2015,2017.0
Dawn of the Croods,4.0,0.0,Kids,United States,TV Show,2015,2017.0
Home: Adventures with Tip & Oh,4.0,0.0,Kids,United States,TV Show,2016,2018.0
VeggieTales in the City,2.0,0.0,Kids,United States,TV Show,2017,2017.0
Spirit Riding Free,8.0,0.0,,,TV Show,2017,2019.0
Dinotrux Supercharged,3.0,0.0,Kids,,TV Show,2017,2018.0
Ask the StoryBotsKorea Edition,1.0,1.0,,,TV Show,2021,2021.0
Transformers: BotBots,1.0,1.0,,,TV Show,2022,2022.0
Estocolmo,1.0,1.0,,,TV Show,2016,2016.0
Wild District,2.0,0.0,Crime TV,Colombia,TV Show,2018,2019.0
Go! Live Your Way,2.0,0.0,Kids,Argentina,TV Show,2019,2019.0
The Snitch Cartel: Origins,1.0,1.0,,,TV Show,2021,2021.0
Juanpis GonzÃÂ¡lez: The Series,1.0,1.0,,,TV Show,2022,2022.0
Pedal to Metal,1.0,1.0,,,TV Show,2022,2022.0
The Final Score,1.0,1.0,,,TV Show,2022,2022.0
Russell Peters Vs. the World,1.0,1.0,,,TV Show,2013,2013.0
Exatlon,1.0,1.0,,,TV Show,2020,2020.0
Arrested Development(seasons 4Ã¢ÂÂ5),2.0,0.0,,,TV Show,2013,2019.0
Star Wars: The Clone Wars(season 6),1.0,1.0,,,TV Show,2014,2014.0
The Killing(season 4),1.0,1.0,,,TV Show,2014,2014.0
Longmire(seasons 4Ã¢ÂÂ6),3.0,0.0,,,TV Show,2015,2017.0
Mystery Science Theater 3000(seasons 11Ã¢ÂÂ12),2.0,0.0,,,TV Show,2017,2018.0
Slasher(season 2),1.0,1.0,,,TV Show,2017,2017.0
EastSiders(seasons 3Ã¢ÂÂ4),2.0,0.0,,,TV Show,2017,2019.0
The Mafia Dolls(season 2),1.0,1.0,,,TV Show,2019,2019.0
Lucifer(seasons 4Ã¢ÂÂ6),3.0,0.0,,,TV Show,2019,2021.0
